id,fname,forig,BB,rot
0,ROI_0_Psic_012Ev1.pdf_pg-7.png,Psic_012Ev1.pdf_pg-7.jpg,"[187, 221, 200, 182]",0
1,ROI_0_Psic_502Ev2.pdf_pg-23.png,Psic_502Ev2.pdf_pg-23.jpg,"[209, 349, 360, 250]",90
3,ROI_0_Psic_202Ev5.pdf_pg-29.png,Psic_202Ev5.pdf_pg-29.jpg,"[37, 211, 419, 548]",0
4,ROI_0_Psic_237Ev4.pdf_pg-24.png,Psic_237Ev4.pdf_pg-24.jpg,"[61, 197, 371, 434]",0
5,ROI_0_Psic_421Ev1.pdf_pg-36.png,Psic_421Ev1.pdf_pg-36.jpg,"[120, 204, 439, 306]",90
6,ROI_0_Psic_408Ev2.pdf_pg-35.png,Psic_408Ev2.pdf_pg-35.jpg,"[215, 321, 207, 304]",0
7,ROI_0_Psic_020Ev1.pdf_pg-9.png,Psic_020Ev1.pdf_pg-9.jpg,"[145, 295, 366, 261]",90
8,ROI_0_Psic_118Ev5.pdf_pg-25.png,Psic_118Ev5.pdf_pg-25.jpg,"[1, 185, 348, 345]",0
9,ROI_0_Psic_115Ev5.pdf_pg-26.png,Psic_115Ev5.pdf_pg-26.jpg,"[75, 127, 306, 377]",0
10,ROI_0_Psic_122Ev2.pdf_pg-21.png,Psic_122Ev2.pdf_pg-21.jpg,"[76, 78, 590, 488]",0
11,ROI_0_Psic_414Ev2.pdf_pg-34.png,Psic_414Ev2.pdf_pg-34.jpg,"[47, 198, 374, 282]",90
12,ROI_0_Psic_016Ev5.pdf_pg-25.png,Psic_016Ev5.pdf_pg-25.jpg,"[141, 230, 271, 325]",0
13,ROI_0_Psic_225Ev1.pdf_pg-6.png,Psic_225Ev1.pdf_pg-6.jpg,"[159, 239, 332, 264]",90
14,ROI_0_Psic_526Ev4.pdf_pg-30.png,Psic_526Ev4.pdf_pg-30.jpg,"[39, 92, 297, 410]",0
15,ROI_0_Psic_042Ev2.pdf_pg-19.png,Psic_042Ev2.pdf_pg-19.jpg,"[77, 151, 478, 341]",90
17,ROI_0_Psic_037Ev1.pdf_pg-18.png,Psic_037Ev1.pdf_pg-18.jpg,"[268, 138, 395, 298]",-90
18,ROI_0_Psic_330Ev1-r.png,Psic_330Ev1-r.png,"[1, 8, 817, 524]",90
19,ROI_0_Psic_245Ev1.pdf_pg-39.png,Psic_245Ev1.pdf_pg-39.jpg,"[106, 324, 343, 473]",0
21,ROI_0_Psic_403Ev2.pdf_pg-21.png,Psic_403Ev2.pdf_pg-21.jpg,"[234, 171, 442, 294]",-90
22,ROI_0_Psic_105Ev3.pdf_pg-19.png,Psic_105Ev3.pdf_pg-19.jpg,"[167, 212, 496, 322]",90
23,ROI_0_Psic_431Ev2.pdf_pg-20.png,Psic_431Ev2.pdf_pg-20.jpg,"[169, 234, 452, 227]",90
24,ROI_0_Psic_304Ev3-r.png,Psic_304Ev3-r.png,"[0, 0, 381, 615]",0
25,ROI_0_Psic_319Ev5-r.png,Psic_319Ev5-r.png,"[5, 0, 641, 476]",90
26,ROI_0_Psic_210Ev2.pdf_pg-20.png,Psic_210Ev2.pdf_pg-20.jpg,"[79, 260, 369, 267]",90
27,ROI_0_Psic_201Ev1.pdf_pg-32.png,Psic_201Ev1.pdf_pg-32.jpg,"[134, 233, 415, 358]",90
28,ROI_0_Psic_112Ev3.pdf_pg-18.png,Psic_112Ev3.pdf_pg-18.jpg,"[72, 45, 252, 386]",0
29,ROI_0_Psic_132Ev4.pdf_pg-34.png,Psic_132Ev4.pdf_pg-34.jpg,"[80, 297, 445, 303]",90
30,ROI_0_Psic_320Ev2-r.png,Psic_320Ev2-r.png,"[0, 17, 744, 459]",90
31,ROI_0_Psic_126Ev2.pdf_pg-21.png,Psic_126Ev2.pdf_pg-21.jpg,"[21, 308, 393, 368]",90
32,ROI_0_Psic_301Ev1-r.png,Psic_301Ev1-r.png,"[1, 0, 408, 324]",90
33,ROI_0_Psic_120Ev1.pdf_pg-18.png,Psic_120Ev1.pdf_pg-18.jpg,"[129, 113, 468, 365]",90
34,ROI_0_Psic_025Ev2.pdf_pg-19.png,Psic_025Ev2.pdf_pg-19.jpg,"[121, 186, 450, 322]",90
35,ROI_0_Psic_321Ev2-r.png,Psic_321Ev2-r.png,"[0, 0, 462, 719]",0
36,ROI_0_Psic_137Ev2.pdf_pg-18.png,Psic_137Ev2.pdf_pg-18.jpg,"[59, 353, 423, 284]",90
37,ROI_0_Psic_326Ev2-r.png,Psic_326Ev2-r.png,"[0, 0, 599, 488]",0
38,ROI_0_Psic_002Ev3.pdf_pg-20.png,Psic_002Ev3.pdf_pg-20.jpg,"[83, 92, 560, 362]",90
39,ROI_0_Psic_016Ev3.pdf_pg-20.png,Psic_016Ev3.pdf_pg-20.jpg,"[86, 224, 324, 374]",90
40,ROI_0_Psic_338Ev2-R.png,Psic_338Ev2-R.png,"[0, 40, 605, 428]",-90
41,ROI_0_Psic_123Ev2.pdf_pg-16.png,Psic_123Ev2.pdf_pg-16.jpg,"[56, 500, 281, 362]",180
42,ROI_0_Psic_117Ev4.pdf_pg-24.png,Psic_117Ev4.pdf_pg-24.jpg,"[138, 231, 504, 336]",90
45,ROI_0_Psic_529Ev1.pdf_pg-22.png,Psic_529Ev1.pdf_pg-22.jpg,"[18, 398, 365, 444]",0
46,ROI_0_Psic_510Ev3.pdf_pg-23.png,Psic_510Ev3.pdf_pg-23.jpg,"[148, 209, 406, 431]",0
47,ROI_0_Psic_502Ev3.pdf_pg-27.png,Psic_502Ev3.pdf_pg-27.jpg,"[71, 216, 403, 488]",0
48,ROI_0_Psic_425Ev1.pdf_pg-20.png,Psic_425Ev1.pdf_pg-20.jpg,"[145, 174, 457, 284]",90
49,ROI_0_Psic_210Ev4.pdf_pg-31.png,Psic_210Ev4.pdf_pg-31.jpg,"[121, 119, 521, 404]",90
50,ROI_0_Psic_509Ev2.pdf_pg-22.png,Psic_509Ev2.pdf_pg-22.jpg,"[141, 124, 386, 320]",-90
51,ROI_0_Psic_532Ev1.pdf_pg-22.png,Psic_532Ev1.pdf_pg-22.jpg,"[376, 150, 416, 222]",-90
52,ROI_0_Psic_115Ev1.pdf_pg-7.png,Psic_115Ev1.pdf_pg-7.jpg,"[70, 468, 245, 367]",0
53,ROI_0_Psic_206Ev3.pdf_pg-18.png,Psic_206Ev3.pdf_pg-18.jpg,"[83, 252, 327, 243]",-90
54,ROI_0_Psic_030Ev5.pdf_pg-28.png,Psic_030Ev5.pdf_pg-28.jpg,"[153, 354, 320, 370]",0
55,ROI_0_Psic_523Ev2.pdf_pg-29.png,Psic_523Ev2.pdf_pg-29.jpg,"[84, 292, 362, 277]",90
56,ROI_0_Psic_403Ev3.pdf_pg-34.png,Psic_403Ev3.pdf_pg-34.jpg,"[157, 198, 396, 339]",90
57,ROI_0_Psic_326Ev4-r.png,Psic_326Ev4-r.png,"[0, 0, 686, 462]",90
58,ROI_0_Psic_212Ev1.pdf_pg-9.png,Psic_212Ev1.pdf_pg-9.jpg,"[14, 381, 361, 267]",90
59,ROI_0_Psic_111Ev4b.pdf_pg-24.png,Psic_111Ev4b.pdf_pg-24.jpg,"[149, 174, 339, 379]",0
60,ROI_0_Psic_125Ev3.pdf_pg-17.png,Psic_125Ev3.pdf_pg-17.jpg,"[57, 258, 430, 361]",90
61,ROI_0_Psic_113Ev4.pdf_pg-24.png,Psic_113Ev4.pdf_pg-24.jpg,"[131, 117, 343, 359]",0
62,ROI_0_Psic_433Ev2.pdf_pg-33.png,Psic_433Ev2.pdf_pg-33.jpg,"[90, 245, 419, 253]",90
63,ROI_0_Psic_421Ev3.pdf_pg-20.png,Psic_421Ev3.pdf_pg-20.jpg,"[79, 357, 422, 293]",90
65,ROI_0_Psic_429Ev3.pdf_pg-33.png,Psic_429Ev3.pdf_pg-33.jpg,"[70, 183, 369, 439]",0
66,ROI_0_Psic_528Ev2.pdf_pg-20.png,Psic_528Ev2.pdf_pg-20.jpg,"[158, 213, 368, 303]",-90
67,ROI_0_Psic_125Ev6.pdf_pg-25.png,Psic_125Ev6.pdf_pg-25.jpg,"[83, 114, 266, 402]",0
68,ROI_0_Psic_405Ev2.pdf_pg-1.png,Psic_405Ev2.pdf_pg-1.jpg,"[61, 177, 436, 393]",90
69,ROI_0_Psic_410Ev1.pdf_pg-34.png,Psic_410Ev1.pdf_pg-34.jpg,"[154, 232, 345, 303]",90
70,ROI_0_Psic_116Ev3.pdf_pg-20.png,Psic_116Ev3.pdf_pg-20.jpg,"[146, 358, 363, 265]",90
71,ROI_0_Psic_005Ev2.pdf_pg-16.png,Psic_005Ev2.pdf_pg-16.jpg,"[72, 267, 381, 362]",90
73,ROI_0_Psic_409Ev2.pdf_pg-6.png,Psic_409Ev2.pdf_pg-6.jpg,"[60, 237, 336, 279]",90
74,ROI_0_Psic_237Ev2.pdf_pg-22.png,Psic_237Ev2.pdf_pg-22.jpg,"[105, 70, 334, 393]",0
75,ROI_0_Psic_246Ev4.pdf_pg-28.png,Psic_246Ev4.pdf_pg-28.jpg,"[0, 336, 489, 373]",90
77,ROI_0_Psic_347Ev4-r.png,Psic_347Ev4-r.png,"[40, 54, 468, 659]",0
78,ROI_0_Psic_339Ev1-R.png,Psic_339Ev1-R.png,"[0, 0, 568, 726]",0
79,ROI_0_Psic_406Ev2.pdf_pg-20.png,Psic_406Ev2.pdf_pg-20.jpg,"[340, 203, 196, 213]",-90
80,ROI_0_Psic_409Ev3.pdf_pg-34.png,Psic_409Ev3.pdf_pg-34.jpg,"[11, 133, 330, 340]",180
81,ROI_0_Psic_015Ev5.pdf_pg-26.png,Psic_015Ev5.pdf_pg-26.jpg,"[200, 89, 390, 302]",-90
82,ROI_0_Psic_515Ev2.pdf_pg-22.png,Psic_515Ev2.pdf_pg-22.jpg,"[125, 141, 569, 319]",90
85,ROI_0_Psic_214Ev5.pdf_pg-24.png,Psic_214Ev5.pdf_pg-24.jpg,"[5, 0, 348, 366]",90
87,ROI_0_Psic_004Ev2.pdf_pg-18.png,Psic_004Ev2.pdf_pg-18.jpg,"[184, 51, 352, 521]",0
88,ROI_0_Psic_327Ev2-r.png,Psic_327Ev2-r.png,"[19, 18, 355, 442]",90
89,ROI_0_Psic_102Ev3.pdf_pg-21.png,Psic_102Ev3.pdf_pg-21.jpg,"[156, 128, 282, 422]",0
90,ROI_0_Psic_219Ev2.pdf_pg-18.png,Psic_219Ev2.pdf_pg-18.jpg,"[64, 42, 259, 336]",180
91,ROI_0_Psic_512Ev5.pdf_pg-24.png,Psic_512Ev5.pdf_pg-24.jpg,"[83, 2, 324, 417]",0
92,ROI_0_Psic_018Ev3.pdf_pg-18.png,Psic_018Ev3.pdf_pg-18.jpg,"[54, 266, 360, 254]",90
94,ROI_0_Psic_218Ev3.pdf_pg-17.png,Psic_218Ev3.pdf_pg-17.jpg,"[62, 174, 490, 333]",90
95,ROI_0_Psic_127Ev4.pdf_pg-24.png,Psic_127Ev4.pdf_pg-24.jpg,"[117, 185, 492, 401]",90
96,ROI_0_Psic_203Ev2.pdf_pg-21.png,Psic_203Ev2.pdf_pg-21.jpg,"[179, 190, 409, 264]",-90
97,ROI_0_Psic_019Ev2.pdf_pg-21.png,Psic_019Ev2.pdf_pg-21.jpg,"[180, 277, 354, 330]",90
98,ROI_0_Psic_350Ev1-R.png,Psic_350Ev1-R.png,"[0, 0, 683, 519]",90
99,ROI_0_Psic_525Ev2-1.pdf_pg-22.png,Psic_525Ev2-1.pdf_pg-22.jpg,"[101, 284, 334, 469]",0
101,ROI_0_Psic_341Ev1-r.png,Psic_341Ev1-r.png,"[8, 0, 382, 468]",0
102,ROI_0_Psic_516Ev4.pdf_pg-27.png,Psic_516Ev4.pdf_pg-27.jpg,"[85, 221, 376, 364]",0
103,ROI_0_Psic_134Ev1.pdf_pg-18.png,Psic_134Ev1.pdf_pg-18.jpg,"[23, 298, 456, 565]",0
104,ROI_0_Psic_416Ev2.pdf_pg-24.png,Psic_416Ev2.pdf_pg-24.jpg,"[164, 210, 420, 292]",90
105,ROI_0_Psic_411Ev4.pdf_pg-24.png,Psic_411Ev4.pdf_pg-24.jpg,"[156, 332, 237, 325]",0
106,ROI_0_Psic_143Ev1.pdf_pg-21.png,Psic_143Ev1.pdf_pg-21.jpg,"[11, 257, 507, 308]",90
107,ROI_0_Psic_518Ev3.pdf_pg-26.png,Psic_518Ev3.pdf_pg-26.jpg,"[57, 244, 334, 416]",0
108,ROI_0_Psic_243Ev5.pdf_pg-27.png,Psic_243Ev5.pdf_pg-27.jpg,"[48, 149, 414, 543]",0
109,ROI_0_Psic_141Ev1.pdf_pg-21.png,Psic_141Ev1.pdf_pg-21.jpg,"[0, 374, 422, 324]",90
110,ROI_0_Psic_425Ev3.pdf_pg-20.png,Psic_425Ev3.pdf_pg-20.jpg,"[7, 12, 518, 450]",90
111,ROI_0_Psic_122Ev5.pdf_pg-25.png,Psic_122Ev5.pdf_pg-25.jpg,"[50, 161, 426, 488]",0
112,ROI_0_Psic_130Ev5.pdf_pg-25.png,Psic_130Ev5.pdf_pg-25.jpg,"[152, 286, 270, 302]",0
117,ROI_0_Psic_209Ev3.pdf_pg-21.png,Psic_209Ev3.pdf_pg-21.jpg,"[0, 278, 394, 481]",0
118,ROI_0_Psic_040Ev1.pdf_pg-16.png,Psic_040Ev1.pdf_pg-16.jpg,"[28, 195, 415, 350]",90
119,ROI_0_Psic_347Ev1-r.png,Psic_347Ev1-r.png,"[4, 20, 463, 621]",0
120,ROI_0_Psic_223Ev2.pdf_pg-21.png,Psic_223Ev2.pdf_pg-21.jpg,"[41, 232, 393, 341]",90
121,ROI_0_Psic_305Ev1-r.png,Psic_305Ev1-r.png,"[0, 19, 555, 460]",90
122,ROI_0_Psic_429Ev1.pdf_pg-21.png,Psic_429Ev1.pdf_pg-21.jpg,"[208, 36, 484, 360]",-90
123,ROI_0_Psic_225Ev5.pdf_pg-27.png,Psic_225Ev5.pdf_pg-27.jpg,"[197, 214, 219, 394]",0
124,ROI_0_Psic_310Ev1-r.png,Psic_310Ev1-r.png,"[0, 0, 651, 461]",90
125,ROI_0_Psic_129Ev5.pdf_pg-26.png,Psic_129Ev5.pdf_pg-26.jpg,"[15, 305, 391, 569]",0
126,ROI_0_Psic_033Ev5.pdf_pg-33.png,Psic_033Ev5.pdf_pg-33.jpg,"[86, 126, 444, 288]",90
127,ROI_0_Psic_529Ev3.pdf_pg-23.png,Psic_529Ev3.pdf_pg-23.jpg,"[116, 114, 226, 378]",0
128,ROI_0_Psic_119Ev5b.pdf_pg-29.png,Psic_119Ev5b.pdf_pg-29.jpg,"[233, 242, 256, 334]",0
130,ROI_0_Psic_303Ev3-r.png,Psic_303Ev3-r.png,"[0, 0, 508, 386]",90
131,ROI_0_Psic_309Ev2-r.png,Psic_309Ev2-r.png,"[17, 34, 484, 370]",-90
132,ROI_0_Psic_523Ev3.pdf_pg-27.png,Psic_523Ev3.pdf_pg-27.jpg,"[51, 187, 304, 434]",0
133,ROI_0_Psic_437Ev1.pdf_pg-22.png,Psic_437Ev1.pdf_pg-22.jpg,"[50, 326, 295, 427]",0
134,ROI_0_Psic_408Ev1.pdf_pg-19.png,Psic_408Ev1.pdf_pg-19.jpg,"[37, 285, 405, 287]",90
135,ROI_0_Psic_306Ev1-r.png,Psic_306Ev1-r.png,"[14, 0, 559, 422]",90
136,ROI_0_Psic_344Ev2-r.png,Psic_344Ev2-r.png,"[0, 0, 479, 766]",0
137,ROI_0_Psic_140Ev4.pdf_pg-25.png,Psic_140Ev4.pdf_pg-25.jpg,"[95, 247, 140, 264]",0
138,ROI_0_Psic_411Ev1.pdf_pg-21.png,Psic_411Ev1.pdf_pg-21.jpg,"[162, 217, 397, 309]",90
139,ROI_0_Psic_516Ev4.pdf_pg-26.png,Psic_516Ev4.pdf_pg-26.jpg,"[90, 197, 331, 448]",0
140,ROI_0_Psic_125Ev5.pdf_pg-28.png,Psic_125Ev5.pdf_pg-28.jpg,"[309, 112, 401, 293]",-90
141,ROI_0_Psic_035Ev1.pdf_pg-18.png,Psic_035Ev1.pdf_pg-18.jpg,"[201, 327, 364, 287]",-90
142,ROI_0_Psic_225Ev3.pdf_pg-18.png,Psic_225Ev3.pdf_pg-18.jpg,"[83, 197, 427, 236]",90
143,ROI_0_Psic_112Ev4.pdf_pg-25.png,Psic_112Ev4.pdf_pg-25.jpg,"[9, 258, 328, 366]",0
144,ROI_0_Psic_135Ev4.pdf_pg-24.png,Psic_135Ev4.pdf_pg-24.jpg,"[108, 279, 286, 256]",0
145,ROI_0_Psic_422Ev1.pdf_pg-17.png,Psic_422Ev1.pdf_pg-17.jpg,"[173, 198, 414, 326]",90
146,ROI_0_Psic_522Ev1.pdf_pg-23.png,Psic_522Ev1.pdf_pg-23.jpg,"[151, 294, 308, 344]",0
147,ROI_0_Psic_112Ev2.pdf_pg-21.png,Psic_112Ev2.pdf_pg-21.jpg,"[141, 262, 389, 254]",90
148,ROI_0_Psic_235Ev1.pdf_pg-9.png,Psic_235Ev1.pdf_pg-9.jpg,"[113, 336, 332, 303]",90
149,ROI_0_Psic_108Ev1.pdf_pg-6.png,Psic_108Ev1.pdf_pg-6.jpg,"[131, 208, 285, 264]",90
150,ROI_0_Psic_333Ev2-r.png,Psic_333Ev2-r.png,"[1, 16, 562, 527]",90
151,ROI_0_Psic_303Ev1-r.png,Psic_303Ev1-r.png,"[0, 0, 483, 437]",90
152,ROI_0_Psic_111Ev4.pdf_pg-14.png,Psic_111Ev4.pdf_pg-14.jpg,"[146, 239, 405, 270]",90
153,ROI_0_Psic_119Ev2.pdf_pg-21.png,Psic_119Ev2.pdf_pg-21.jpg,"[0, 379, 353, 264]",90
154,ROI_0_Psic_220Ev3.pdf_pg-19.png,Psic_220Ev3.pdf_pg-19.jpg,"[66, 83, 338, 508]",0
155,ROI_0_Psic_513Ev4.pdf_pg-29.png,Psic_513Ev4.pdf_pg-29.jpg,"[28, 47, 504, 545]",0
156,ROI_0_Psic_517Ev3.pdf_pg-24.png,Psic_517Ev3.pdf_pg-24.jpg,"[42, 127, 389, 473]",0
157,ROI_0_Psic_416Ev4.pdf_pg-21.png,Psic_416Ev4.pdf_pg-21.jpg,"[70, 37, 275, 232]",90
159,ROI_0_Psic_142Ev1.pdf_pg-21.png,Psic_142Ev1.pdf_pg-21.jpg,"[211, 135, 309, 224]",-90
160,ROI_0_Psic_037Ev4.pdf_pg-20.png,Psic_037Ev4.pdf_pg-20.jpg,"[72, 311, 384, 284]",90
161,ROI_0_Psic_505Ev3.pdf_pg-22.png,Psic_505Ev3.pdf_pg-22.jpg,"[55, 228, 443, 546]",180
162,ROI_0_Psic_506Ev1.pdf_pg-23.png,Psic_506Ev1.pdf_pg-23.jpg,"[155, 254, 393, 236]",90
163,ROI_0_Psic_133Ev2.pdf_pg-18.png,Psic_133Ev2.pdf_pg-18.jpg,"[97, 168, 478, 346]",90
165,ROI_0_Psic_524Ev2.pdf_pg-24.png,Psic_524Ev2.pdf_pg-24.jpg,"[42, 293, 420, 292]",90
166,ROI_0_Psic_247Ev2.pdf_pg-17.png,Psic_247Ev2.pdf_pg-17.jpg,"[88, 55, 301, 424]",0
167,ROI_0_Psic_029Ev4.pdf_pg-26.png,Psic_029Ev4.pdf_pg-26.jpg,"[281, 234, 328, 247]",-90
168,ROI_0_Psic_316Ev2-R.png,Psic_316Ev2-R.png,"[5, 0, 632, 549]",90
169,ROI_0_Psic_217Ev1.pdf_pg-4.png,Psic_217Ev1.pdf_pg-4.jpg,"[195, 427, 323, 282]",90
170,ROI_0_Psic_409Ev4.pdf_pg-20.png,Psic_409Ev4.pdf_pg-20.jpg,"[116, 398, 407, 369]",90
171,ROI_0_Psic_335Ev2-r.png,Psic_335Ev2-r.png,"[0, 0, 642, 526]",90
172,ROI_0_Psic_239Ev2.pdf_pg-31.png,Psic_239Ev2.pdf_pg-31.jpg,"[171, 397, 223, 311]",0
173,ROI_0_Psic_132Ev5.pdf_pg-25.png,Psic_132Ev5.pdf_pg-25.jpg,"[28, 299, 259, 327]",0
174,ROI_0_Psic_109Ev4.pdf_pg-30.png,Psic_109Ev4.pdf_pg-30.jpg,"[145, 171, 403, 325]",-90
176,ROI_0_Psic_103Ev2.pdf_pg-21.png,Psic_103Ev2.pdf_pg-21.jpg,"[113, 238, 424, 352]",90
177,ROI_0_Psic_414Ev4.pdf_pg-26.png,Psic_414Ev4.pdf_pg-26.jpg,"[182, 461, 344, 340]",180
178,ROI_0_Psic_428Ev5.pdf_pg-27.png,Psic_428Ev5.pdf_pg-27.jpg,"[139, 65, 330, 391]",0
179,ROI_0_Psic_029Ev5.pdf_pg-26.png,Psic_029Ev5.pdf_pg-26.jpg,"[21, 266, 384, 326]",90
180,ROI_0_Psic_418Ev5.pdf_pg-22.png,Psic_418Ev5.pdf_pg-22.jpg,"[70, 88, 300, 354]",0
181,ROI_0_Psic_345Ev1-R.png,Psic_345Ev1-R.png,"[10, 29, 598, 639]",0
182,ROI_0_Psic_437Ev2.pdf_pg-23.png,Psic_437Ev2.pdf_pg-23.jpg,"[129, 312, 256, 372]",0
183,ROI_0_Psic_428Ev2.pdf_pg-20.png,Psic_428Ev2.pdf_pg-20.jpg,"[72, 235, 434, 323]",90
184,ROI_0_Psic_202Ev5.pdf_pg-28.png,Psic_202Ev5.pdf_pg-28.jpg,"[84, 187, 338, 401]",0
186,ROI_0_Psic_424Ev5.pdf_pg-31.png,Psic_424Ev5.pdf_pg-31.jpg,"[122, 186, 461, 330]",90
187,ROI_0_Psic_005Ev5.pdf_pg-26.png,Psic_005Ev5.pdf_pg-26.jpg,"[35, 173, 412, 306]",90
188,ROI_0_Psic_444Ev1.pdf_pg-22.png,Psic_444Ev1.pdf_pg-22.jpg,"[78, 397, 387, 492]",0
191,ROI_0_Psic_115Ev4.pdf_pg-25.png,Psic_115Ev4.pdf_pg-25.jpg,"[53, 439, 336, 249]",90
192,ROI_0_Psic_108Ev3.pdf_pg-21.png,Psic_108Ev3.pdf_pg-21.jpg,"[134, 33, 303, 450]",0
193,ROI_0_Psic_241Ev5.pdf_pg-26.png,Psic_241Ev5.pdf_pg-26.jpg,"[63, 58, 308, 510]",0
195,ROI_0_Psic_218Ev2.pdf_pg-21.png,Psic_218Ev2.pdf_pg-21.jpg,"[2, 0, 509, 592]",90
196,ROI_0_Psic_030Ev3.pdf_pg-17.png,Psic_030Ev3.pdf_pg-17.jpg,"[136, 151, 485, 371]",90
197,ROI_0_Psic_528Ev3.pdf_pg-25.png,Psic_528Ev3.pdf_pg-25.jpg,"[19, 168, 257, 377]",0
198,ROI_0_Psic_037Ev3.pdf_pg-20.png,Psic_037Ev3.pdf_pg-20.jpg,"[221, 340, 287, 250]",-90
199,ROI_0_Psic_129Ev2.pdf_pg-21.png,Psic_129Ev2.pdf_pg-21.jpg,"[124, 183, 513, 364]",90
200,ROI_0_Psic_426Ev1.pdf_pg-17.png,Psic_426Ev1.pdf_pg-17.jpg,"[138, 161, 468, 349]",90
201,ROI_0_Psic_433Ev4.pdf_pg-32.png,Psic_433Ev4.pdf_pg-32.jpg,"[147, 259, 369, 252]",90
202,ROI_0_Psic_233Ev5.pdf_pg-18.png,Psic_233Ev5.pdf_pg-18.jpg,"[55, 105, 339, 400]",0
203,ROI_0_Psic_438Ev1.pdf_pg-22.png,Psic_438Ev1.pdf_pg-22.jpg,"[80, 231, 253, 403]",0
204,ROI_0_Psic_215Ev4.pdf_pg-26.png,Psic_215Ev4.pdf_pg-26.jpg,"[154, 421, 236, 236]",90
205,ROI_0_Psic_333Ev3-r.png,Psic_333Ev3-r.png,"[0, 0, 377, 630]",0
206,ROI_0_Psic_023Ev4.pdf_pg-24.png,Psic_023Ev4.pdf_pg-24.jpg,"[222, 41, 437, 312]",-90
207,ROI_0_Psic_116Ev5.pdf_pg-26.png,Psic_116Ev5.pdf_pg-26.jpg,"[52, 315, 260, 376]",0
208,ROI_0_Psic_031Ev2.pdf_pg-20.png,Psic_031Ev2.pdf_pg-20.jpg,"[105, 351, 442, 352]",90
210,ROI_0_Psic_209Ev1.pdf_pg-20.png,Psic_209Ev1.pdf_pg-20.jpg,"[57, 254, 470, 535]",90
211,ROI_0_Psic_515Ev1.pdf_pg-22.png,Psic_515Ev1.pdf_pg-22.jpg,"[3, 274, 477, 363]",90
212,ROI_0_Psic_221Ev3.pdf_pg-16.png,Psic_221Ev3.pdf_pg-16.jpg,"[162, 199, 240, 327]",180
213,ROI_0_Psic_211Ev5.pdf_pg-6.png,Psic_211Ev5.pdf_pg-6.jpg,"[128, 193, 505, 331]",-90
214,ROI_0_Psic_420Ev2.pdf_pg-34.png,Psic_420Ev2.pdf_pg-34.jpg,"[88, 310, 307, 439]",0
215,ROI_0_Psic_348Ev1-r.png,Psic_348Ev1-r.png,"[0, 20, 581, 775]",180
216,ROI_0_Psic_335Ev1-r.png,Psic_335Ev1-r.png,"[0, 27, 400, 571]",0
217,ROI_0_Psic_526Ev4.pdf_pg-31.png,Psic_526Ev4.pdf_pg-31.jpg,"[69, 76, 330, 459]",0
218,ROI_0_Psic_329Ev2-R.png,Psic_329Ev2-R.png,"[0, 0, 715, 539]",90
219,ROI_0_Psic_520Ev1.pdf_pg-31.png,Psic_520Ev1.pdf_pg-31.jpg,"[73, 397, 290, 407]",180
220,ROI_0_Psic_103Ev5.pdf_pg-27.png,Psic_103Ev5.pdf_pg-27.jpg,"[83, 273, 290, 385]",0
221,ROI_0_Psic_015Ev5.pdf_pg-27.png,Psic_015Ev5.pdf_pg-27.jpg,"[64, 204, 322, 478]",0
222,ROI_0_Psic_343Ev1-R.png,Psic_343Ev1-R.png,"[0, 31, 401, 598]",0
223,ROI_0_Psic_414Ev1.pdf_pg-20.png,Psic_414Ev1.pdf_pg-20.jpg,"[168, 59, 262, 336]",180
224,ROI_0_Psic_110Ev4.pdf_pg-21.png,Psic_110Ev4.pdf_pg-21.jpg,"[113, 320, 392, 298]",90
226,ROI_0_Psic_518Ev3.pdf_pg-25.png,Psic_518Ev3.pdf_pg-25.jpg,"[121, 114, 578, 383]",90
227,ROI_0_Psic_314Ev5-r.png,Psic_314Ev5-r.png,"[6, 37, 422, 593]",0
229,ROI_0_Psic_527Ev1-1.pdf_pg-19.png,Psic_527Ev1-1.pdf_pg-19.jpg,"[232, 121, 410, 325]",-90
230,ROI_0_Psic_110Ev3.pdf_pg-20.png,Psic_110Ev3.pdf_pg-20.jpg,"[97, 149, 485, 283]",90
231,ROI_0_Psic_013Ev1.pdf_pg-24.png,Psic_013Ev1.pdf_pg-24.jpg,"[68, 317, 369, 310]",90
232,ROI_0_Psic_213Ev5.pdf_pg-38.png,Psic_213Ev5.pdf_pg-38.jpg,"[272, 192, 396, 179]",-90
233,ROI_0_Psic_510Ev2.pdf_pg-19.png,Psic_510Ev2.pdf_pg-19.jpg,"[74, 293, 381, 378]",90
234,ROI_0_Psic_030Ev2.pdf_pg-20.png,Psic_030Ev2.pdf_pg-20.jpg,"[48, 85, 549, 434]",90
235,ROI_0_Psic_240Ev1.pdf_pg-40.png,Psic_240Ev1.pdf_pg-40.jpg,"[137, 334, 343, 227]",90
236,ROI_0_Psic_206Ev1.pdf_pg-13.png,Psic_206Ev1.pdf_pg-13.jpg,"[116, 130, 391, 251]",90
237,ROI_0_Psic_121Ev1.pdf_pg-21.png,Psic_121Ev1.pdf_pg-21.jpg,"[91, 41, 383, 316]",90
238,ROI_0_Psic_312Ev2-r.png,Psic_312Ev2-r.png,"[4, 0, 640, 527]",90
239,ROI_0_Psic_319Ev1-r.png,Psic_319Ev1-r.png,"[28, 0, 514, 595]",180
240,ROI_0_Psic_042Ev1.pdf_pg-18.png,Psic_042Ev1.pdf_pg-18.jpg,"[192, 239, 446, 308]",-90
242,ROI_0_Psic_244Ev1.pdf_pg-28.png,Psic_244Ev1.pdf_pg-28.jpg,"[29, 287, 299, 452]",0
243,ROI_0_Psic_435Ev1.pdf_pg-22.png,Psic_435Ev1.pdf_pg-22.jpg,"[92, 62, 279, 401]",0
244,ROI_0_Psic_529Ev2.pdf_pg-22.png,Psic_529Ev2.pdf_pg-22.jpg,"[52, 367, 403, 313]",90
245,ROI_0_Psic_135Ev1.pdf_pg-18.png,Psic_135Ev1.pdf_pg-18.jpg,"[38, 263, 388, 461]",0
246,ROI_0_Psic_227EV1.pdf_pg-9.png,Psic_227EV1.pdf_pg-9.jpg,"[98, 86, 533, 379]",180
249,ROI_0_Psic_220Ev4.pdf_pg-62.png,Psic_220Ev4.pdf_pg-62.jpg,"[112, 81, 335, 403]",0
251,ROI_0_Psic_326Ev5-r.png,Psic_326Ev5-r.png,"[0, 0, 460, 575]",0
252,ROI_0_Psic_338Ev1-R.png,Psic_338Ev1-R.png,"[0, 36, 539, 693]",0
253,ROI_0_Psic_515Ev3-1.pdf_pg-18.png,Psic_515Ev3-1.pdf_pg-18.jpg,"[91, 22, 445, 514]",0
254,ROI_0_Psic_317Ev5-r.png,Psic_317Ev5-r.png,"[4, 18, 472, 464]",0
255,ROI_0_Psic_218Ev4.pdf_pg-25.png,Psic_218Ev4.pdf_pg-25.jpg,"[117, 328, 331, 263]",90
256,ROI_0_Psic_238Ev2.pdf_pg-26.png,Psic_238Ev2.pdf_pg-26.jpg,"[79, 344, 332, 301]",0
257,ROI_0_Psic_110Ev2.pdf_pg-21.png,Psic_110Ev2.pdf_pg-21.jpg,"[78, 179, 457, 327]",90
258,ROI_0_Psic_535Ev1.pdf_pg-22.png,Psic_535Ev1.pdf_pg-22.jpg,"[223, 84, 368, 242]",-90
259,ROI_0_Psic_407Ev2.pdf_pg-19.png,Psic_407Ev2.pdf_pg-19.jpg,"[107, 398, 295, 376]",180
261,ROI_0_Psic_031Ev3.pdf_pg-17.png,Psic_031Ev3.pdf_pg-17.jpg,"[72, 249, 536, 365]",90
262,ROI_0_Psic_238Ev3.pdf_pg-17.png,Psic_238Ev3.pdf_pg-17.jpg,"[47, 330, 337, 215]",90
263,ROI_0_Psic_008Ev4.pdf_pg-53.png,Psic_008Ev4.pdf_pg-53.jpg,"[136, 137, 543, 466]",90
264,ROI_0_Psic_141Ev5.pdf_pg-27.png,Psic_141Ev5.pdf_pg-27.jpg,"[39, 206, 366, 405]",0
265,ROI_0_Psic_214Ev3.pdf_pg-20.png,Psic_214Ev3.pdf_pg-20.jpg,"[38, 411, 302, 261]",0
267,ROI_0_Psic_137Ev3.pdf_pg-20.png,Psic_137Ev3.pdf_pg-20.jpg,"[114, 228, 404, 285]",90
268,ROI_0_Psic_130Ev5.pdf_pg-24.png,Psic_130Ev5.pdf_pg-24.jpg,"[83, 219, 389, 342]",90
269,ROI_0_Psic_429Ev4.pdf_pg-28.png,Psic_429Ev4.pdf_pg-28.jpg,"[124, 206, 505, 384]",90
270,ROI_0_Psic_505Ev2.pdf_pg-25.png,Psic_505Ev2.pdf_pg-25.jpg,"[66, 62, 653, 426]",-90
272,ROI_0_Psic_513Ev4.pdf_pg-30.png,Psic_513Ev4.pdf_pg-30.jpg,"[48, 170, 489, 559]",0
273,ROI_0_Psic_214Ev1.pdf_pg-4.png,Psic_214Ev1.pdf_pg-4.jpg,"[0, 399, 271, 593]",180
274,ROI_0_Psic_320Ev1-r.png,Psic_320Ev1-r.png,"[18, 17, 868, 1093]",0
276,ROI_0_Psic_131Ev5.pdf_pg-25.png,Psic_131Ev5.pdf_pg-25.jpg,"[0, 185, 289, 354]",0
277,ROI_0_Psic_237Ev5.pdf_pg-26.png,Psic_237Ev5.pdf_pg-26.jpg,"[85, 262, 378, 326]",90
278,ROI_0_Psic_130Ev2.pdf_pg-18.png,Psic_130Ev2.pdf_pg-18.jpg,"[83, 197, 334, 248]",90
279,ROI_0_Psic_324Ev4-r.png,Psic_324Ev4-r.png,"[0, 0, 577, 496]",90
281,ROI_0_Psic_206Ev5.pdf_pg-27.png,Psic_206Ev5.pdf_pg-27.jpg,"[163, 262, 267, 275]",-90
282,ROI_0_Psic_037Ev2.pdf_pg-20.png,Psic_037Ev2.pdf_pg-20.jpg,"[162, 157, 455, 263]",-90
283,ROI_0_Psic_119Ev4a.pdf_pg-21.png,Psic_119Ev4a.pdf_pg-21.jpg,"[49, 246, 290, 274]",90
285,ROI_0_Psic_115Ev4.pdf_pg-26.png,Psic_115Ev4.pdf_pg-26.jpg,"[51, 246, 254, 295]",0
286,ROI_0_Psic_116Ev2.pdf_pg-23.png,Psic_116Ev2.pdf_pg-23.jpg,"[52, 271, 401, 322]",90
288,ROI_0_Psic_030Ev5.pdf_pg-27.png,Psic_030Ev5.pdf_pg-27.jpg,"[111, 317, 313, 423]",0
289,ROI_0_Psic_102Ev2.pdf_pg-21.png,Psic_102Ev2.pdf_pg-21.jpg,"[34, 178, 245, 435]",0
290,ROI_0_Psic_008Ev5.pdf_pg-28.png,Psic_008Ev5.pdf_pg-28.jpg,"[95, 26, 486, 310]",90
291,ROI_0_Psic_140Ev2.pdf_pg-18.png,Psic_140Ev2.pdf_pg-18.jpg,"[68, 254, 421, 208]",90
292,ROI_0_Psic_306Ev2-r.png,Psic_306Ev2-r.png,"[4, 53, 426, 363]",90
293,ROI_0_Psic_247Ev1.pdf_pg-35.png,Psic_247Ev1.pdf_pg-35.jpg,"[118, 397, 290, 337]",0
294,ROI_0_Psic_031Ev1.pdf_pg-18.png,Psic_031Ev1.pdf_pg-18.jpg,"[223, 10, 436, 325]",-90
295,ROI_0_Psic_205Ev1.pdf_pg-34.png,Psic_205Ev1.pdf_pg-34.jpg,"[121, 34, 455, 233]",90
296,ROI_0_Psic_206Ev5.pdf_pg-26.png,Psic_206Ev5.pdf_pg-26.jpg,"[161, 311, 414, 301]",-90
298,ROI_0_Psic_246Ev4.pdf_pg-38.png,Psic_246Ev4.pdf_pg-38.jpg,"[177, 80, 472, 355]",-90
299,ROI_0_Psic_104Ev3.pdf_pg-22.png,Psic_104Ev3.pdf_pg-22.jpg,"[109, 112, 292, 342]",0
300,ROI_0_Psic_135Ev2.pdf_pg-17.png,Psic_135Ev2.pdf_pg-17.jpg,"[161, 156, 509, 318]",90
301,ROI_0_Psic_125Ev5.pdf_pg-29.png,Psic_125Ev5.pdf_pg-29.jpg,"[35, 304, 296, 245]",90
302,ROI_0_Psic_419Ev1.pdf_pg-35.png,Psic_419Ev1.pdf_pg-35.jpg,"[143, 105, 541, 332]",90
303,ROI_0_Psic_104Ev1.pdf_pg-23.png,Psic_104Ev1.pdf_pg-23.jpg,"[97, 187, 371, 281]",90
304,ROI_0_Psic_106Ev1.pdf_pg-9.png,Psic_106Ev1.pdf_pg-9.jpg,"[115, 194, 350, 253]",90
306,ROI_0_Psic_530Ev1.pdf_pg-22.png,Psic_530Ev1.pdf_pg-22.jpg,"[194, 164, 484, 312]",-90
307,ROI_0_Psic_215Ev4.pdf_pg-24.png,Psic_215Ev4.pdf_pg-24.jpg,"[186, 619, 119, 168]",90
308,ROI_0_Psic_237Ev3.pdf_pg-17.png,Psic_237Ev3.pdf_pg-17.jpg,"[129, 118, 342, 353]",0
310,ROI_0_Psic_241Ev3.pdf_pg-17.png,Psic_241Ev3.pdf_pg-17.jpg,"[14, 210, 434, 263]",90
311,ROI_0_Psic_029Ev1.pdf_pg-17.png,Psic_029Ev1.pdf_pg-17.jpg,"[261, 103, 317, 261]",-90
312,ROI_0_Psic_140Ev4.pdf_pg-24.png,Psic_140Ev4.pdf_pg-24.jpg,"[178, 311, 366, 184]",90
313,ROI_0_Psic_517Ev1.pdf_pg-29.png,Psic_517Ev1.pdf_pg-29.jpg,"[76, 236, 392, 327]",90
314,ROI_0_Psic_509Ev1.pdf_pg-21.png,Psic_509Ev1.pdf_pg-21.jpg,"[128, 294, 360, 304]",90
315,ROI_0_Psic_526Ev3.pdf_pg-20.png,Psic_526Ev3.pdf_pg-20.jpg,"[70, 203, 307, 353]",0
316,ROI_0_Psic_236Ev1.pdf_pg-35.png,Psic_236Ev1.pdf_pg-35.jpg,"[81, 324, 296, 365]",0
317,ROI_0_Psic_108Ev2.pdf_pg-19.png,Psic_108Ev2.pdf_pg-19.jpg,"[117, 135, 329, 425]",0
318,ROI_0_Psic_007Ev3.pdf_pg-19.png,Psic_007Ev3.pdf_pg-19.jpg,"[84, 423, 307, 386]",90
319,ROI_0_Psic_247Ev3.pdf_pg-17.png,Psic_247Ev3.pdf_pg-17.jpg,"[141, 322, 431, 331]",90
320,ROI_0_Psic_023Ev4.pdf_pg-26.png,Psic_023Ev4.pdf_pg-26.jpg,"[64, 239, 369, 382]",0
321,ROI_0_Psic_418Ev2.pdf_pg-19.png,Psic_418Ev2.pdf_pg-19.jpg,"[131, 119, 484, 403]",-90
322,ROI_0_Psic_501Ev4.pdf_pg-26.png,Psic_501Ev4.pdf_pg-26.jpg,"[93, 307, 344, 415]",0
323,ROI_0_Psic_418Ev4.pdf_pg-25.png,Psic_418Ev4.pdf_pg-25.jpg,"[98, 236, 391, 385]",90
324,ROI_0_Psic_401Ev2.pdf_pg-39.png,Psic_401Ev2.pdf_pg-39.jpg,"[160, 262, 433, 322]",90
325,ROI_0_Psic_505Ev1.pdf_pg-21.png,Psic_505Ev1.pdf_pg-21.jpg,"[241, 311, 358, 276]",90
327,ROI_0_Psic_432Ev2.pdf_pg-32.png,Psic_432Ev2.pdf_pg-32.jpg,"[124, 409, 275, 384]",0
328,ROI_0_Psic_522Ev3.pdf_pg-29.png,Psic_522Ev3.pdf_pg-29.jpg,"[68, 112, 303, 286]",0
329,ROI_0_Psic_238Ev1.pdf_pg-24.png,Psic_238Ev1.pdf_pg-24.jpg,"[45, 330, 327, 225]",90
330,ROI_0_Psic_003Ev2.pdf_pg-20.png,Psic_003Ev2.pdf_pg-20.jpg,"[71, 353, 299, 364]",180
331,ROI_0_Psic_104Ev2.pdf_pg-20.png,Psic_104Ev2.pdf_pg-20.jpg,"[91, 219, 455, 312]",90
332,ROI_0_Psic_019Ev5.pdf_pg-24.png,Psic_019Ev5.pdf_pg-24.jpg,"[101, 140, 380, 377]",-90
333,ROI_0_Psic_022Ev2.pdf_pg-29.png,Psic_022Ev2.pdf_pg-29.jpg,"[130, 422, 380, 274]",90
334,ROI_0_Psic_116Ev1.pdf_pg-6.png,Psic_116Ev1.pdf_pg-6.jpg,"[132, 324, 386, 312]",90
335,ROI_0_Psic_020Ev1.pdf_pg-7.png,Psic_020Ev1.pdf_pg-7.jpg,"[112, 195, 516, 372]",90
336,ROI_0_Psic_525Ev1.pdf_pg-23.png,Psic_525Ev1.pdf_pg-23.jpg,"[52, 298, 354, 420]",0
337,ROI_0_Psic_219Ev3.pdf_pg-17.png,Psic_219Ev3.pdf_pg-17.jpg,"[86, 40, 284, 347]",0
338,ROI_0_Psic_007Ev2.pdf_pg-17.png,Psic_007Ev2.pdf_pg-17.jpg,"[29, 204, 466, 411]",90
339,ROI_0_Psic_033Ev3.pdf_pg-17.png,Psic_033Ev3.pdf_pg-17.jpg,"[151, 153, 301, 238]",-90
340,ROI_0_Psic_018Ev4.pdf_pg-24.png,Psic_018Ev4.pdf_pg-24.jpg,"[123, 285, 154, 118]",0
341,ROI_0_Psic_118Ev5.pdf_pg-26.png,Psic_118Ev5.pdf_pg-26.jpg,"[163, 235, 437, 291]",0
342,ROI_0_Psic_213Ev1.pdf_pg-26.png,Psic_213Ev1.pdf_pg-26.jpg,"[32, 307, 351, 270]",90
343,ROI_0_Psic_008Ev1.pdf_pg-28.png,Psic_008Ev1.pdf_pg-28.jpg,"[123, 100, 405, 479]",0
344,ROI_0_Psic_435Ev2.pdf_pg-22.png,Psic_435Ev2.pdf_pg-22.jpg,"[111, 185, 289, 402]",0
345,ROI_0_Psic_206Ev6.pdf_pg-32.png,Psic_206Ev6.pdf_pg-32.jpg,"[247, 268, 355, 234]",-90
346,ROI_0_Psic_332Ev1-r.png,Psic_332Ev1-r.png,"[13, 27, 558, 424]",90
347,ROI_0_Psic_111Ev2.pdf_pg-20.png,Psic_111Ev2.pdf_pg-20.jpg,"[141, 108, 499, 344]",90
348,ROI_0_Psic_030Ev4.pdf_pg-26.png,Psic_030Ev4.pdf_pg-26.jpg,"[158, 256, 299, 420]",0
349,ROI_0_Psic_102Ev4.pdf_pg-24.png,Psic_102Ev4.pdf_pg-24.jpg,"[59, 0, 218, 516]",0
350,ROI_0_Psic_132Ev1.pdf_pg-18.png,Psic_132Ev1.pdf_pg-18.jpg,"[103, 63, 248, 369]",0
351,ROI_0_Psic_534Ev1.pdf_pg-22.png,Psic_534Ev1.pdf_pg-22.jpg,"[123, 303, 361, 287]",90
352,ROI_0_Psic_246Ev1.pdf_pg-36.png,Psic_246Ev1.pdf_pg-36.jpg,"[85, 208, 247, 343]",0
353,ROI_0_Psic_314Ev1-r.png,Psic_314Ev1-r.png,"[0, 8, 442, 729]",0
354,ROI_0_Psic_329Ev1-R.png,Psic_329Ev1-R.png,"[0, 0, 644, 514]",90
355,ROI_0_Psic_140Ev1.pdf_pg-21.png,Psic_140Ev1.pdf_pg-21.jpg,"[204, 375, 247, 352]",180
356,ROI_0_Psic_034Ev1.pdf_pg-18.png,Psic_034Ev1.pdf_pg-18.jpg,"[221, 308, 392, 280]",-90
357,ROI_0_Psic_022Ev1.pdf_pg-18.png,Psic_022Ev1.pdf_pg-18.jpg,"[179, 444, 266, 330]",180
358,ROI_0_Psic_122Ev3.pdf_pg-17.png,Psic_122Ev3.pdf_pg-17.jpg,"[10, 199, 625, 557]",90
360,ROI_0_Psic_039Ev5.pdf_pg-26.png,Psic_039Ev5.pdf_pg-26.jpg,"[42, 16, 464, 325]",90
361,ROI_0_Psic_117Ev4.pdf_pg-25.png,Psic_117Ev4.pdf_pg-25.jpg,"[155, 372, 358, 291]",90
362,ROI_0_Psic_248Ev5.pdf_pg-28.png,Psic_248Ev5.pdf_pg-28.jpg,"[56, 0, 570, 385]",0
363,ROI_0_Psic_209Ev1.pdf_pg-21.png,Psic_209Ev1.pdf_pg-21.jpg,"[209, 190, 335, 282]",-90
364,ROI_0_Psic_121Ev3.pdf_pg-17.png,Psic_121Ev3.pdf_pg-17.jpg,"[79, 309, 408, 283]",90
365,ROI_0_Psic_218Ev4.pdf_pg-24.png,Psic_218Ev4.pdf_pg-24.jpg,"[195, 278, 330, 221]",90
366,ROI_0_Psic_33Ev4.pdf_pg-25.png,Psic_33Ev4.pdf_pg-25.jpg,"[80, 71, 299, 376]",0
368,ROI_0_Psic_441Ev1.pdf_pg-22.png,Psic_441Ev1.pdf_pg-22.jpg,"[82, 305, 459, 527]",0
369,ROI_0_Psic_401Ev4.pdf_pg-25.png,Psic_401Ev4.pdf_pg-25.jpg,"[96, 411, 312, 271]",90
370,ROI_0_Psic_510Ev3.pdf_pg-22.png,Psic_510Ev3.pdf_pg-22.jpg,"[106, 43, 622, 381]",90
372,ROI_0_Psic_039Ev5.pdf_pg-28.png,Psic_039Ev5.pdf_pg-28.jpg,"[137, 49, 417, 367]",90
373,ROI_0_Psic_023Ev3.pdf_pg-17.png,Psic_023Ev3.pdf_pg-17.jpg,"[74, 134, 529, 391]",90
374,ROI_0_Psic_323Ev1-R.png,Psic_323Ev1-R.png,"[6, 32, 454, 548]",0
375,ROI_0_Psic_417Ev4.pdf_pg-24.png,Psic_417Ev4.pdf_pg-24.jpg,"[71, 153, 295, 340]",0
376,ROI_0_Psic_007Ev1.pdf_pg-13.png,Psic_007Ev1.pdf_pg-13.jpg,"[36, 271, 484, 457]",90
377,ROI_0_Psic_427Ev5.pdf_pg-36.png,Psic_427Ev5.pdf_pg-36.jpg,"[155, 52, 432, 287]",-90
378,ROI_0_Psic_444Ev2.pdf_pg-23.png,Psic_444Ev2.pdf_pg-23.jpg,"[67, 283, 368, 346]",0
379,ROI_0_Psic_331Ev2-r.png,Psic_331Ev2-r.png,"[24, 16, 346, 542]",0
382,ROI_0_Psic_201Ev4.pdf_pg-62.png,Psic_201Ev4.pdf_pg-62.jpg,"[220, 151, 397, 262]",90
383,ROI_0_Psic_236Ev2.pdf_pg-18.png,Psic_236Ev2.pdf_pg-18.jpg,"[119, 187, 474, 337]",90
385,ROI_0_Psic_127Ev3.pdf_pg-22.png,Psic_127Ev3.pdf_pg-22.jpg,"[124, 244, 408, 304]",90
386,ROI_0_Psic_319Ev4-r.png,Psic_319Ev4-r.png,"[4, 0, 570, 467]",90
387,ROI_0_Psic_209Ev2.pdf_pg-13.png,Psic_209Ev2.pdf_pg-13.jpg,"[40, 231, 362, 291]",90
388,ROI_0_Psic_034Ev2.pdf_pg-20.png,Psic_034Ev2.pdf_pg-20.jpg,"[160, 270, 500, 318]",90
389,ROI_0_Psic_122Ev1.pdf_pg-21.png,Psic_122Ev1.pdf_pg-21.jpg,"[122, 208, 387, 322]",-90
390,ROI_0_Psic_307Ev1-r.png,Psic_307Ev1-r.png,"[4, 0, 519, 298]",90
391,ROI_0_Psic_436Ev2.pdf_pg-22.png,Psic_436Ev2.pdf_pg-22.jpg,"[118, 168, 518, 378]",-90
392,ROI_0_Psic_015Ev1.pdf_pg-16.png,Psic_015Ev1.pdf_pg-16.jpg,"[166, 201, 425, 308]",90
395,ROI_0_Psic_130Ev4.pdf_pg-24.png,Psic_130Ev4.pdf_pg-24.jpg,"[48, 433, 281, 255]",90
396,ROI_0_Psic_222Ev1.pdf_pg-25.png,Psic_222Ev1.pdf_pg-25.jpg,"[36, 217, 538, 285]",90
398,ROI_0_Psic_220Ev2.pdf_pg-18.png,Psic_220Ev2.pdf_pg-18.jpg,"[133, 333, 386, 266]",90
399,ROI_0_Psic_319Ev3-r.png,Psic_319Ev3-r.png,"[8, 27, 426, 549]",0
400,ROI_0_Psic_325Ev3-r.png,Psic_325Ev3-r.png,"[18, 21, 452, 540]",0
401,ROI_0_Psic_026Ev3.pdf_pg-17.png,Psic_026Ev3.pdf_pg-17.jpg,"[98, 378, 354, 284]",90
402,ROI_0_Psic_025Ev4.pdf_pg-23.png,Psic_025Ev4.pdf_pg-23.jpg,"[3, 369, 385, 264]",90
403,ROI_0_Psic_433Ev3.pdf_pg-22.png,Psic_433Ev3.pdf_pg-22.jpg,"[58, 279, 405, 264]",90
404,ROI_0_Psic_417Ev5.pdf_pg-27.png,Psic_417Ev5.pdf_pg-27.jpg,"[150, 137, 416, 352]",-90
406,ROI_0_Psic_502Ev3.pdf_pg-26.png,Psic_502Ev3.pdf_pg-26.jpg,"[62, 276, 351, 444]",0
408,ROI_0_Psic_247Ev4.pdf_pg-26.png,Psic_247Ev4.pdf_pg-26.jpg,"[174, 152, 499, 355]",-90
409,ROI_0_Psic_535Ev2.pdf_pg-22.png,Psic_535Ev2.pdf_pg-22.jpg,"[147, 375, 269, 376]",0
410,ROI_0_Psic_211Ev1.pdf_pg-27.png,Psic_211Ev1.pdf_pg-27.jpg,"[97, 385, 242, 197]",0
411,ROI_0_Psic_028Ev4.pdf_pg-25.png,Psic_028Ev4.pdf_pg-25.jpg,"[129, 424, 280, 382]",0
412,ROI_0_Psic_501Ev1-1.pdf_pg-12.png,Psic_501Ev1-1.pdf_pg-12.jpg,"[141, 29, 679, 456]",90
413,ROI_0_Psic_347Ev5-r.png,Psic_347Ev5-r.png,"[72, 0, 584, 385]",90
414,ROI_0_Psic_132Ev4.pdf_pg-24.png,Psic_132Ev4.pdf_pg-24.jpg,"[113, 235, 396, 366]",90
415,ROI_0_Psic_131Ev2.pdf_pg-18.png,Psic_131Ev2.pdf_pg-18.jpg,"[83, 268, 413, 302]",90
416,ROI_0_Psic_211Ev4.pdf_pg-31.png,Psic_211Ev4.pdf_pg-31.jpg,"[83, 325, 372, 406]",90
417,ROI_0_Psic_422Ev2.pdf_pg-20.png,Psic_422Ev2.pdf_pg-20.jpg,"[108, 84, 575, 416]",90
418,ROI_0_Psic_137Ev1.pdf_pg-17.png,Psic_137Ev1.pdf_pg-17.jpg,"[0, 36, 509, 341]",90
419,ROI_0_Psic_201Ev4.pdf_pg-63.png,Psic_201Ev4.pdf_pg-63.jpg,"[272, 442, 285, 323]",0
420,ROI_0_Psic_424Ev2.pdf_pg-17.png,Psic_424Ev2.pdf_pg-17.jpg,"[93, 262, 433, 307]",90
422,ROI_0_Psic_320Ev3-r.png,Psic_320Ev3-r.png,"[23, 41, 704, 875]",0
423,ROI_0_Psic_107Ev2.pdf_pg-21.png,Psic_107Ev2.pdf_pg-21.jpg,"[40, 332, 391, 289]",90
424,ROI_0_Psic_202Ev4.pdf_pg-24.png,Psic_202Ev4.pdf_pg-24.jpg,"[112, 299, 268, 408]",0
425,ROI_0_Psic_411Ev4.pdf_pg-26.png,Psic_411Ev4.pdf_pg-26.jpg,"[74, 290, 406, 275]",90
426,ROI_0_Psic_116Ev4.pdf_pg-25.png,Psic_116Ev4.pdf_pg-25.jpg,"[280, 426, 376, 284]",90
427,ROI_0_Psic_421Ev5.pdf_pg-21.png,Psic_421Ev5.pdf_pg-21.jpg,"[113, 232, 387, 297]",90
428,ROI_0_Psic_027Ev1.pdf_pg-19.png,Psic_027Ev1.pdf_pg-19.jpg,"[242, 129, 295, 311]",-90
429,ROI_0_Psic_016Ev4.pdf_pg-34.png,Psic_016Ev4.pdf_pg-34.jpg,"[44, 292, 385, 387]",90
430,ROI_0_Psic_524Ev1.pdf_pg-23.png,Psic_524Ev1.pdf_pg-23.jpg,"[48, 299, 292, 424]",0
431,ROI_0_Psic_019Ev3.pdf_pg-18.png,Psic_019Ev3.pdf_pg-18.jpg,"[158, 260, 477, 379]",-90
432,ROI_0_Psic_141Ev4.pdf_pg-29.png,Psic_141Ev4.pdf_pg-29.jpg,"[0, 103, 307, 471]",90
434,ROI_0_Psic_126Ev1.pdf_pg-31.png,Psic_126Ev1.pdf_pg-31.jpg,"[64, 0, 354, 516]",0
435,ROI_0_Psic_102Ev1.pdf_pg-21.png,Psic_102Ev1.pdf_pg-21.jpg,"[118, 120, 418, 279]",90
436,ROI_0_Psic_023Ev2.pdf_pg-20.png,Psic_023Ev2.pdf_pg-20.jpg,"[46, 165, 548, 406]",90
438,ROI_0_Psic_237Ev5.pdf_pg-29.png,Psic_237Ev5.pdf_pg-29.jpg,"[72, 134, 515, 417]",90
439,ROI_0_Psic_430Ev4.pdf_pg-1.png,Psic_430Ev4.pdf_pg-1.jpg,"[122, 164, 506, 403]",-90
440,ROI_0_Psic_248Ev5.pdf_pg-26.png,Psic_248Ev5.pdf_pg-26.jpg,"[0, 188, 282, 456]",0
441,ROI_0_Psic_403Ev5.pdf_pg-24.png,Psic_403Ev5.pdf_pg-24.jpg,"[86, 178, 473, 332]",90
442,ROI_0_Psic_119Ev4b.pdf_pg-26.png,Psic_119Ev4b.pdf_pg-26.jpg,"[192, 380, 311, 247]",90
443,ROI_0_Psic_127Ev1.pdf_pg-21.png,Psic_127Ev1.pdf_pg-21.jpg,"[137, 173, 387, 313]",90
444,ROI_0_Psic_008Ev2.pdf_pg-18.png,Psic_008Ev2.pdf_pg-18.jpg,"[0, 204, 433, 290]",90
445,ROI_0_Psic_243Ev5.pdf_pg-26.png,Psic_243Ev5.pdf_pg-26.jpg,"[34, 141, 427, 522]",0
446,ROI_0_Psic_131Ev1.pdf_pg-14.png,Psic_131Ev1.pdf_pg-14.jpg,"[100, 96, 303, 335]",0
447,ROI_0_Psic_512Ev2.pdf_pg-18.png,Psic_512Ev2.pdf_pg-18.jpg,"[94, 189, 476, 376]",90
448,ROI_0_Psic_402Ev4.pdf_pg-43.png,Psic_402Ev4.pdf_pg-43.jpg,"[75, 288, 239, 311]",0
449,ROI_0_Psic_347Ev2-r.png,Psic_347Ev2-r.png,"[28, 23, 394, 611]",0
450,ROI_0_Psic_201Ev5.pdf_pg-29.png,Psic_201Ev5.pdf_pg-29.jpg,"[79, 141, 668, 411]",-90
451,ROI_0_Psic_141Ev4.pdf_pg-25.png,Psic_141Ev4.pdf_pg-25.jpg,"[65, 31, 351, 520]",0
452,ROI_0_Psic_507Ev2.pdf_pg-22.png,Psic_507Ev2.pdf_pg-22.jpg,"[119, 364, 385, 319]",90
453,ROI_0_Psic_122Ev4.pdf_pg-25.png,Psic_122Ev4.pdf_pg-25.jpg,"[49, 495, 257, 417]",0
454,ROI_0_Psic_139Ev3.pdf_pg-18.png,Psic_139Ev3.pdf_pg-18.jpg,"[1, 529, 298, 282]",90
455,ROI_0_Psic_229Ev2.pdf_pg-21.png,Psic_229Ev2.pdf_pg-21.jpg,"[73, 312, 274, 420]",0
457,ROI_0_Psic_004Ev3.pdf_pg-32.png,Psic_004Ev3.pdf_pg-32.jpg,"[82, 174, 527, 370]",90
459,ROI_0_Psic_411Ev2.pdf_pg-21.png,Psic_411Ev2.pdf_pg-21.jpg,"[76, 230, 529, 323]",90
460,ROI_0_Psic_015Ev4b.pdf_pg-24.png,Psic_015Ev4b.pdf_pg-24.jpg,"[98, 273, 310, 388]",0
461,ROI_0_Psic_233Ev1.pdf_pg-35.png,Psic_233Ev1.pdf_pg-35.jpg,"[0, 298, 377, 230]",90
462,ROI_0_Psic_531Ev1.pdf_pg-22.png,Psic_531Ev1.pdf_pg-22.jpg,"[266, 135, 364, 250]",-90
463,ROI_0_Psic_010Ev2.pdf_pg-18.png,Psic_010Ev2.pdf_pg-18.jpg,"[150, 195, 409, 331]",-90
464,ROI_0_Psic_107Ev1.pdf_pg-23.png,Psic_107Ev1.pdf_pg-23.jpg,"[167, 0, 339, 258]",90
466,ROI_0_Psic_106Ev4.pdf_pg-25.png,Psic_106Ev4.pdf_pg-25.jpg,"[240, 93, 402, 266]",-90
467,ROI_0_Psic_039Ev4.pdf_pg-26.png,Psic_039Ev4.pdf_pg-26.jpg,"[62, 107, 210, 207]",90
468,ROI_0_Psic_344Ev3-r.png,Psic_344Ev3-r.png,"[0, 0, 751, 445]",90
469,ROI_0_Psic_528Ev1-1.pdf_pg-20.png,Psic_528Ev1-1.pdf_pg-20.jpg,"[89, 280, 497, 358]",90
470,ROI_0_Psic_106Ev5.pdf_pg-30.png,Psic_106Ev5.pdf_pg-30.jpg,"[101, 329, 263, 228]",90
471,ROI_0_Psic_348Ev2-r.png,Psic_348Ev2-r.png,"[0, 21, 582, 782]",0
472,ROI_0_Psic_211Ev5.pdf_pg-8.png,Psic_211Ev5.pdf_pg-8.jpg,"[115, 108, 463, 368]",-90
473,ROI_0_Psic_316Ev1-R.png,Psic_316Ev1-R.png,"[0, 0, 628, 727]",180
474,ROI_0_Psic_230Ev1.pdf_pg-8.png,Psic_230Ev1.pdf_pg-8.jpg,"[227, 170, 393, 320]",-90
475,ROI_0_Psic_122Ev4.pdf_pg-6.png,Psic_122Ev4.pdf_pg-6.jpg,"[101, 192, 362, 368]",-90
476,ROI_0_Psic_123Ev3.pdf_pg-15.png,Psic_123Ev3.pdf_pg-15.jpg,"[49, 252, 378, 263]",90
477,ROI_0_Psic_526Ev2.pdf_pg-23.png,Psic_526Ev2.pdf_pg-23.jpg,"[182, 161, 478, 303]",90
478,ROI_0_Psic_430Ev3.pdf_pg-33.png,Psic_430Ev3.pdf_pg-33.jpg,"[71, 123, 301, 420]",0
479,ROI_0_Psic_334Ev1-R.png,Psic_334Ev1-R.png,"[0, 11, 550, 480]",90
481,ROI_0_Psic_201Ev3.pdf_pg-21.png,Psic_201Ev3.pdf_pg-21.jpg,"[134, 69, 460, 431]",
484,ROI_0_Psic_029Ev2.pdf_pg-13.png,Psic_029Ev2.pdf_pg-13.jpg,"[265, 141, 276, 256]",-90
485,ROI_0_Psic_408Ev5.pdf_pg-29.png,Psic_408Ev5.pdf_pg-29.jpg,"[184, 172, 386, 229]",0
488,ROI_0_Psic_119Ev2.pdf_pg-22.png,Psic_119Ev2.pdf_pg-22.jpg,"[324, 367, 242, 278]",0
489,ROI_0_Psic_233Ev4.pdf_pg-26.png,Psic_233Ev4.pdf_pg-26.jpg,"[229, 157, 354, 313]",-90
490,ROI_0_Psic_321Ev1-r.png,Psic_321Ev1-r.png,"[0, 0, 659, 366]",90
491,ROI_0_Psic_415Ev1.pdf_pg-37.png,Psic_415Ev1.pdf_pg-37.jpg,"[156, 287, 246, 244]",90
492,ROI_0_Psic_237Ev4.pdf_pg-26.png,Psic_237Ev4.pdf_pg-26.jpg,"[70, 213, 436, 316]",90
493,ROI_0_Psic_506Ev2.pdf_pg-20.png,Psic_506Ev2.pdf_pg-20.jpg,"[38, 85, 551, 427]",90
494,ROI_0_Psic_313Ev1-R.png,Psic_313Ev1-R.png,"[8, 0, 658, 555]",90
495,ROI_0_Psic_514Ev1-1.pdf_pg-25.png,Psic_514Ev1-1.pdf_pg-25.jpg,"[64, 358, 277, 363]",0
496,ROI_0_Psic_413Ev1.pdf_pg-36.png,Psic_413Ev1.pdf_pg-36.jpg,"[17, 359, 341, 326]",0
497,ROI_0_Psic_206Ev4.pdf_pg-25.png,Psic_206Ev4.pdf_pg-25.jpg,"[130, 173, 222, 306]",0
498,ROI_0_Psic_418Ev4.pdf_pg-24.png,Psic_418Ev4.pdf_pg-24.jpg,"[56, 114, 543, 410]",90
499,ROI_0_Psic_115Ev3.pdf_pg-21.png,Psic_115Ev3.pdf_pg-21.jpg,"[50, 264, 590, 415]",90
500,ROI_0_Psic_119Ev5b.pdf_pg-28.png,Psic_119Ev5b.pdf_pg-28.jpg,"[111, 233, 354, 458]",0
501,ROI_0_Psic_031Ev4.pdf_pg-27.png,Psic_031Ev4.pdf_pg-27.jpg,"[311, 142, 382, 269]",-90
502,ROI_0_Psic_428Ev3.pdf_pg-34.png,Psic_428Ev3.pdf_pg-34.jpg,"[97, 221, 289, 413]",0
503,ROI_0_Psic_018Ev4.pdf_pg-25.png,Psic_018Ev4.pdf_pg-25.jpg,"[124, 328, 334, 194]",90
504,ROI_0_Psic_250Ev2.pdf_pg-20.png,Psic_250Ev2.pdf_pg-20.jpg,"[130, 360, 404, 307]",90
506,ROI_0_Psic_248Ev3.pdf_pg-18.png,Psic_248Ev3.pdf_pg-18.jpg,"[80, 189, 492, 307]",90
507,ROI_0_Psic_425Ev5.pdf_pg-26.png,Psic_425Ev5.pdf_pg-26.jpg,"[220, 265, 506, 380]",-90
508,ROI_0_Psic_301Ev5-r.png,Psic_301Ev5-r.png,"[7, 0, 504, 413]",90
509,ROI_0_Psic_314Ev4-r.png,Psic_314Ev4-r.png,"[23, 5, 576, 396]",90
510,ROI_0_Psic_248Ev1.pdf_pg-21.png,Psic_248Ev1.pdf_pg-21.jpg,"[75, 378, 353, 404]",0
511,ROI_0_Psic_339Ev2-R.png,Psic_339Ev2-R.png,"[29, 7, 706, 505]",90
512,ROI_0_Psic_213Ev3.pdf_pg-19.png,Psic_213Ev3.pdf_pg-19.jpg,"[32, 21, 313, 434]",0
513,ROI_0_Psic_417Ev2.pdf_pg-20.png,Psic_417Ev2.pdf_pg-20.jpg,"[51, 251, 313, 397]",0
514,ROI_0_Psic_018Ev1.pdf_pg-7.png,Psic_018Ev1.pdf_pg-7.jpg,"[110, 17, 229, 304]",0
515,ROI_0_Psic_106Ev4.pdf_pg-26.png,Psic_106Ev4.pdf_pg-26.jpg,"[192, 260, 311, 294]",90
516,ROI_0_Psic_307Ev3-R.png,Psic_307Ev3-R.png,"[1, 14, 347, 565]",0
517,ROI_0_Psic_131Ev5.pdf_pg-26.png,Psic_131Ev5.pdf_pg-26.jpg,"[77, 331, 289, 390]",0
519,ROI_0_Psic_220Ev4.pdf_pg-34.png,Psic_220Ev4.pdf_pg-34.jpg,"[82, 209, 634, 517]",0
520,ROI_0_Psic_017Ev2.pdf_pg-18.png,Psic_017Ev2.pdf_pg-18.jpg,"[60, 214, 500, 401]",90
521,ROI_0_Psic_116Ev5.pdf_pg-25.png,Psic_116Ev5.pdf_pg-25.jpg,"[23, 117, 540, 585]",90
522,ROI_0_Psic_518Ev1.pdf_pg-20.png,Psic_518Ev1.pdf_pg-20.jpg,"[65, 262, 300, 460]",0
523,ROI_0_Psic_420Ev1.pdf_pg-20.png,Psic_420Ev1.pdf_pg-20.jpg,"[200, 211, 383, 296]",90
524,ROI_0_Psic_307Ev5-R.png,Psic_307Ev5-R.png,"[7, 8, 619, 430]",90
525,ROI_0_Psic_113Ev3.pdf_pg-16.png,Psic_113Ev3.pdf_pg-16.jpg,"[111, 166, 304, 383]",0
526,ROI_0_Psic_429Ev4.pdf_pg-6.png,Psic_429Ev4.pdf_pg-6.jpg,"[120, 139, 593, 345]",90
527,ROI_0_Psic_119Ev1.pdf_pg-29.png,Psic_119Ev1.pdf_pg-29.jpg,"[43, 269, 193, 216]",90
528,ROI_0_Psic_514Ev3.pdf_pg-20.png,Psic_514Ev3.pdf_pg-20.jpg,"[98, 226, 377, 492]",0
529,ROI_0_Psic_125Ev1.pdf_pg-20.png,Psic_125Ev1.pdf_pg-20.jpg,"[125, 200, 463, 300]",90
530,ROI_0_Psic_019Ev4b.pdf_pg-24.png,Psic_019Ev4b.pdf_pg-24.jpg,"[61, 201, 571, 433]",90
531,ROI_0_Psic_434Ev4.pdf_pg-27.png,Psic_434Ev4.pdf_pg-27.jpg,"[93, 232, 379, 318]",90
532,ROI_0_Psic_101Ev4.pdf_pg-21.png,Psic_101Ev4.pdf_pg-21.jpg,"[123, 228, 454, 379]",0
533,ROI_0_Psic_117Ev1.pdf_pg-25.png,Psic_117Ev1.pdf_pg-25.jpg,"[1, 0, 554, 433]",0
534,ROI_0_Psic_231Ev1.pdf_pg-20.png,Psic_231Ev1.pdf_pg-20.jpg,"[117, 419, 288, 372]",0
535,ROI_0_Psic_521Ev1.pdf_pg-22.png,Psic_521Ev1.pdf_pg-22.jpg,"[161, 212, 473, 327]",-90
536,ROI_0_Psic_512Ev4.pdf_pg-26.png,Psic_512Ev4.pdf_pg-26.jpg,"[111, 81, 385, 425]",0
537,ROI_0_Psic_133Ev1.pdf_pg-18.png,Psic_133Ev1.pdf_pg-18.jpg,"[98, 345, 385, 342]",90
538,ROI_0_Psic_303Ev4-r.png,Psic_303Ev4-r.png,"[0, 4, 331, 458]",0
539,ROI_0_Psic_221Ev4.pdf_pg-20.png,Psic_221Ev4.pdf_pg-20.jpg,"[111, 244, 249, 275]",90
540,ROI_0_Psic_025Ev3.pdf_pg-18.png,Psic_025Ev3.pdf_pg-18.jpg,"[89, 216, 453, 326]",90
541,ROI_0_Psic_438Ev2.pdf_pg-22.png,Psic_438Ev2.pdf_pg-22.jpg,"[54, 164, 352, 506]",0
542,ROI_0_Psic_002Ev5.pdf_pg-28.png,Psic_002Ev5.pdf_pg-28.jpg,"[61, 75, 309, 410]",0
544,ROI_0_Psic_524Ev3.pdf_pg-25.png,Psic_524Ev3.pdf_pg-25.jpg,"[75, 121, 317, 442]",0
545,ROI_0_Psic_101Ev5.pdf_pg-27.png,Psic_101Ev5.pdf_pg-27.jpg,"[122, 112, 355, 376]",0
546,ROI_0_Psic_428Ev4.pdf_pg-26.png,Psic_428Ev4.pdf_pg-26.jpg,"[65, 286, 380, 306]",90
547,ROI_0_Psic_124Ev1.pdf_pg-18.png,Psic_124Ev1.pdf_pg-18.jpg,"[24, 212, 504, 425]",0
548,ROI_0_Psic_301Ev4-r.png,Psic_301Ev4-r.png,"[0, 2, 438, 345]",90
549,ROI_0_Psic_250Ev5.pdf_pg-25.png,Psic_250Ev5.pdf_pg-25.jpg,"[183, 137, 480, 329]",-90
550,ROI_0_Psic_039Ev4.pdf_pg-27.png,Psic_039Ev4.pdf_pg-27.jpg,"[29, 0, 395, 458]",90
551,ROI_0_Psic_424Ev4.pdf_pg-25.png,Psic_424Ev4.pdf_pg-25.jpg,"[168, 281, 445, 344]",90
552,ROI_0_Psic_501Ev2-1.pdf_pg-22.png,Psic_501Ev2-1.pdf_pg-22.jpg,"[165, 154, 464, 278]",90
553,ROI_0_Psic_202Ev1.pdf_pg-14.png,Psic_202Ev1.pdf_pg-14.jpg,"[93, 101, 477, 346]",90
554,ROI_0_Psic_523Ev3.pdf_pg-26.png,Psic_523Ev3.pdf_pg-26.jpg,"[59, 167, 276, 322]",0
555,ROI_0_Psic_308Ev2-r.png,Psic_308Ev2-r.png,"[0, 0, 566, 402]",90
556,ROI_0_Psic_002Ev4.pdf_pg-23.png,Psic_002Ev4.pdf_pg-23.jpg,"[145, 337, 232, 364]",180
557,ROI_0_Psic_520Ev1.pdf_pg-32.png,Psic_520Ev1.pdf_pg-32.jpg,"[65, 78, 288, 395]",0
558,ROI_0_Psic_308Ev1-r.png,Psic_308Ev1-r.png,"[0, 6, 617, 476]",90
559,ROI_0_Psic_205Ev5.pdf_pg-36.png,Psic_205Ev5.pdf_pg-36.jpg,"[94, 125, 491, 278]",-90
561,ROI_0_Psic_423Ev4.pdf_pg-24.png,Psic_423Ev4.pdf_pg-24.jpg,"[74, 318, 245, 366]",0
562,ROI_0_Psic_031Ev5.pdf_pg-27.png,Psic_031Ev5.pdf_pg-27.jpg,"[39, 175, 359, 410]",0
563,ROI_0_Psic_403Ev5.pdf_pg-26.png,Psic_403Ev5.pdf_pg-26.jpg,"[150, 224, 376, 243]",90
564,ROI_0_Psic_510Ev1.pdf_pg-21.png,Psic_510Ev1.pdf_pg-21.jpg,"[22, 77, 424, 619]",0
565,ROI_0_Psic_243Ev4.pdf_pg-27.png,Psic_243Ev4.pdf_pg-27.jpg,"[32, 225, 269, 375]",0
567,ROI_0_Psic_003Ev4.pdf_pg-26.png,Psic_003Ev4.pdf_pg-26.jpg,"[130, 158, 368, 277]",90
568,ROI_0_Psic_107Ev4.pdf_pg-21.png,Psic_107Ev4.pdf_pg-21.jpg,"[148, 254, 260, 243]",0
569,ROI_0_Psic_321Ev3-r.png,Psic_321Ev3-r.png,"[0, 4, 488, 343]",90
570,ROI_0_Psic_101Ev2.pdf_pg-20.png,Psic_101Ev2.pdf_pg-20.jpg,"[152, 181, 513, 394]",90
571,ROI_0_Psic_301Ev3-r.png,Psic_301Ev3-r.png,"[7, 15, 491, 380]",90
572,ROI_0_Psic_318Ev2-r.png,Psic_318Ev2-r.png,"[0, 0, 498, 588]",0
573,ROI_0_Psic_227Ev2.pdf_pg-19.png,Psic_227Ev2.pdf_pg-19.jpg,"[58, 279, 463, 317]",90
574,ROI_0_Psic_309Ev1-r.png,Psic_309Ev1-r.png,"[4, 3, 438, 385]",90
575,ROI_0_Psic_416Ev3.pdf_pg-22.png,Psic_416Ev3.pdf_pg-22.jpg,"[191, 397, 345, 334]",90
576,ROI_0_Psic_201Ev2.pdf_pg-21.png,Psic_201Ev2.pdf_pg-21.jpg,"[74, 54, 605, 372]",90
577,ROI_0_Psic_504Ev3.pdf_pg-24.png,Psic_504Ev3.pdf_pg-24.jpg,"[0, 128, 575, 426]",90
578,ROI_0_Psic_423Ev2.pdf_pg-32.png,Psic_423Ev2.pdf_pg-32.jpg,"[149, 312, 256, 338]",0
579,ROI_0_Psic_425Ev5.pdf_pg-28.png,Psic_425Ev5.pdf_pg-28.jpg,"[60, 23, 591, 528]",90
580,ROI_0_Psic_324Ev3-r.png,Psic_324Ev3-r.png,"[5, 20, 417, 607]",0
581,ROI_0_Psic_517Ev3.pdf_pg-26.png,Psic_517Ev3.pdf_pg-26.jpg,"[81, 177, 348, 423]",0
582,ROI_0_Psic_111Ev1.pdf_pg-22.png,Psic_111Ev1.pdf_pg-22.jpg,"[122, 217, 401, 290]",90
583,ROI_0_Psic_127Ev4.pdf_pg-26.png,Psic_127Ev4.pdf_pg-26.jpg,"[121, 208, 388, 332]",90
584,ROI_0_Psic_003Ev1.pdf_pg-26.png,Psic_003Ev1.pdf_pg-26.jpg,"[131, 131, 371, 288]",90
585,ROI_0_Psic_039Ev2.pdf_pg-20.png,Psic_039Ev2.pdf_pg-20.jpg,"[53, 254, 351, 296]",90
586,ROI_0_Psic_430Ev4.pdf_pg-2.png,Psic_430Ev4.pdf_pg-2.jpg,"[135, 184, 626, 430]",-90
588,ROI_0_Psic_402Ev4.pdf_pg-4.png,Psic_402Ev4.pdf_pg-4.jpg,"[192, 212, 390, 265]",90
589,ROI_0_Psic_238Ev5.pdf_pg-22.png,Psic_238Ev5.pdf_pg-22.jpg,"[60, 266, 323, 512]",0
590,ROI_0_Psic_113Ev5.pdf_pg-25.png,Psic_113Ev5.pdf_pg-25.jpg,"[113, 235, 321, 304]",0
591,ROI_0_Psic_036Ev1.pdf_pg-20.png,Psic_036Ev1.pdf_pg-20.jpg,"[240, 181, 392, 319]",-90
592,ROI_0_Psic_417Ev3.pdf_pg-34.png,Psic_417Ev3.pdf_pg-34.jpg,"[137, 194, 450, 322]",90
593,ROI_0_Psic_332Ev2-r.png,Psic_332Ev2-r.png,"[0, 0, 548, 631]",0
594,ROI_0_Psic_314Ev3-r.png,Psic_314Ev3-r.png,"[12, 17, 439, 557]",0
595,ROI_0_Psic_436Ev2.pdf_pg-23.png,Psic_436Ev2.pdf_pg-23.jpg,"[143, 260, 426, 268]",90
597,ROI_0_Psic_029Ev3.pdf_pg-20.png,Psic_029Ev3.pdf_pg-20.jpg,"[94, 375, 290, 259]",90
598,ROI_0_Psic_114Ev1.pdf_pg-10.png,Psic_114Ev1.pdf_pg-10.jpg,"[105, 246, 417, 321]",90
601,ROI_0_Psic_243Ev3.pdf_pg-15.png,Psic_243Ev3.pdf_pg-15.jpg,"[168, 363, 322, 276]",90
602,ROI_0_Psic_220Ev1.pdf_pg-28.png,Psic_220Ev1.pdf_pg-28.jpg,"[57, 252, 466, 253]",90
603,ROI_0_Psic_336Ev1-r.png,Psic_336Ev1-r.png,"[30, 16, 457, 617]",0
604,ROI_0_Psic_428Ev1.pdf_pg-1.png,Psic_428Ev1.pdf_pg-1.jpg,"[0, 0, 848, 593]",-90
605,ROI_0_Psic_515Ev3-1.pdf_pg-19.png,Psic_515Ev3-1.pdf_pg-19.jpg,"[74, 172, 301, 514]",0
606,ROI_0_Psic_238Ev4.pdf_pg-34.png,Psic_238Ev4.pdf_pg-34.jpg,"[85, 200, 252, 344]",0
607,ROI_0_Psic_516Ev3.pdf_pg-26.png,Psic_516Ev3.pdf_pg-26.jpg,"[114, 322, 348, 443]",0
608,ROI_0_Psic_021Ev1.pdf_pg-7.png,Psic_021Ev1.pdf_pg-7.jpg,"[151, 172, 502, 359]",90
609,ROI_0_Psic_135Ev4.pdf_pg-34.png,Psic_135Ev4.pdf_pg-34.jpg,"[183, 305, 342, 261]",90
610,ROI_0_Psic_202Ev3.pdf_pg-20.png,Psic_202Ev3.pdf_pg-20.jpg,"[83, 188, 527, 333]",90
611,ROI_0_Psic_233Ev4.pdf_pg-24.png,Psic_233Ev4.pdf_pg-24.jpg,"[195, 260, 280, 244]",0
612,ROI_0_Psic_210Ev5.pdf_pg-54.png,Psic_210Ev5.pdf_pg-54.jpg,"[151, 233, 293, 388]",0
613,ROI_0_Psic_220Ev5.pdf_pg-29.png,Psic_220Ev5.pdf_pg-29.jpg,"[117, 153, 624, 324]",-90
614,ROI_0_Psic_019Ev4.pdf_pg-22.png,Psic_019Ev4.pdf_pg-22.jpg,"[159, 203, 336, 284]",90
615,ROI_0_Psic_111Ev3.pdf_pg-18.png,Psic_111Ev3.pdf_pg-18.jpg,"[141, 141, 502, 290]",90
616,ROI_0_Psic_304Ev2-r.png,Psic_304Ev2-r.png,"[0, 0, 787, 572]",90
618,ROI_0_Psic_205Ev5.pdf_pg-37.png,Psic_205Ev5.pdf_pg-37.jpg,"[33, 99, 454, 328]",90
619,ROI_0_Psic_250Ev5.pdf_pg-24.png,Psic_250Ev5.pdf_pg-24.jpg,"[152, 199, 472, 262]",-90
620,ROI_0_Psic_130Ev3.pdf_pg-19.png,Psic_130Ev3.pdf_pg-19.jpg,"[127, 226, 370, 221]",90
621,ROI_0_Psic_401Ev3.pdf_pg-20.png,Psic_401Ev3.pdf_pg-20.jpg,"[113, 207, 367, 299]",90
622,ROI_0_Psic_248Ev4.pdf_pg-25.png,Psic_248Ev4.pdf_pg-25.jpg,"[106, 329, 385, 361]",90
623,ROI_0_Psic_409Ev4.pdf_pg-19.png,Psic_409Ev4.pdf_pg-19.jpg,"[17, 0, 223, 369]",0
624,ROI_0_Psic_414Ev5.pdf_pg-26.png,Psic_414Ev5.pdf_pg-26.jpg,"[199, 106, 382, 336]",-90
625,ROI_0_Psic_112Ev1.pdf_pg-10.png,Psic_112Ev1.pdf_pg-10.jpg,"[79, 101, 470, 321]",90
626,ROI_0_Psic_034Ev3.pdf_pg-18.png,Psic_034Ev3.pdf_pg-18.jpg,"[100, 383, 340, 259]",90
628,ROI_0_Psic_501Ev4.pdf_pg-27.png,Psic_501Ev4.pdf_pg-27.jpg,"[89, 216, 390, 462]",0
630,ROI_0_Psic_434Ev3.pdf_pg-17.png,Psic_434Ev3.pdf_pg-17.jpg,"[94, 203, 355, 297]",90
632,ROI_0_Psic_131Ev4.pdf_pg-23.png,Psic_131Ev4.pdf_pg-23.jpg,"[72, 402, 347, 284]",90
633,ROI_0_Psic_421Ev5.pdf_pg-19.png,Psic_421Ev5.pdf_pg-19.jpg,"[192, 196, 485, 289]",-90
634,ROI_0_Psic_106Ev4.pdf_pg-24.png,Psic_106Ev4.pdf_pg-24.jpg,"[0, 72, 378, 596]",0
635,ROI_0_Psic_315Ev1-R.png,Psic_315Ev1-R.png,"[0, 0, 473, 503]",180
636,ROI_0_Psic_414Ev5.pdf_pg-25.png,Psic_414Ev5.pdf_pg-25.jpg,"[216, 170, 216, 298]",-90
637,ROI_0_Psic_512Ev3.pdf_pg-17.png,Psic_512Ev3.pdf_pg-17.jpg,"[1, 208, 555, 407]",90
638,ROI_0_Psic_302Ev2-r.png,Psic_302Ev2-r.png,"[0, 22, 756, 493]",90
639,ROI_0_Psic_312Ev1-r.png,Psic_312Ev1-r.png,"[0, 0, 637, 722]",0
640,ROI_0_Psic_337Ev1-r.png,Psic_337Ev1-r.png,"[10, 23, 465, 493]",0
641,ROI_0_Psic_407Ev1.pdf_pg-13.png,Psic_407Ev1.pdf_pg-13.jpg,"[220, 285, 369, 251]",90
642,ROI_0_Psic_207Ev1.pdf_pg-26.png,Psic_207Ev1.pdf_pg-26.jpg,"[49, 258, 367, 436]",180
644,ROI_0_Psic_503Ev1.pdf_pg-23.png,Psic_503Ev1.pdf_pg-23.jpg,"[127, 235, 486, 308]",90
645,ROI_0_Psic_233Ev5.pdf_pg-19.png,Psic_233Ev5.pdf_pg-19.jpg,"[87, 106, 368, 405]",0
646,ROI_0_Psic_103Ev3.pdf_pg-21.png,Psic_103Ev3.pdf_pg-21.jpg,"[120, 243, 428, 287]",90
647,ROI_0_Psic_418Ev5.pdf_pg-24.png,Psic_418Ev5.pdf_pg-24.jpg,"[83, 108, 303, 344]",0
648,ROI_0_Psic_519Ev2.pdf_pg-20.png,Psic_519Ev2.pdf_pg-20.jpg,"[103, 49, 334, 451]",0
649,ROI_0_Psic_422Ev5.pdf_pg-28.png,Psic_422Ev5.pdf_pg-28.jpg,"[82, 241, 432, 296]",-90
650,ROI_0_Psic_042Ev3.pdf_pg-18.png,Psic_042Ev3.pdf_pg-18.jpg,"[78, 178, 436, 317]",90
651,ROI_0_Psic_347Ev3-r.png,Psic_347Ev3-r.png,"[30, 8, 675, 397]",90
652,ROI_0_Psic_131Ev4.pdf_pg-25.png,Psic_131Ev4.pdf_pg-25.jpg,"[166, 258, 278, 337]",0
653,ROI_0_Psic_322Ev1-r.png,Psic_322Ev1-r.png,"[15, 0, 517, 422]",90
655,ROI_0_Psic_512Ev4.pdf_pg-25.png,Psic_512Ev4.pdf_pg-25.jpg,"[100, 26, 345, 419]",0
656,ROI_0_Psic_125Ev6.pdf_pg-26.png,Psic_125Ev6.pdf_pg-26.jpg,"[100, 150, 237, 275]",0
657,ROI_0_Psic_513Ev1.pdf_pg-17.png,Psic_513Ev1.pdf_pg-17.jpg,"[86, 198, 594, 446]",90
658,ROI_0_Psic_024Ev1.pdf_pg-19.png,Psic_024Ev1.pdf_pg-19.jpg,"[115, 52, 304, 365]",0
659,ROI_0_Psic_248Ev2.pdf_pg-34.png,Psic_248Ev2.pdf_pg-34.jpg,"[74, 214, 278, 445]",0
660,ROI_0_Psic_205Ev4.pdf_pg-70.png,Psic_205Ev4.pdf_pg-70.jpg,"[94, 388, 264, 439]",0
661,ROI_0_Psic_141Ev5.pdf_pg-25.png,Psic_141Ev5.pdf_pg-25.jpg,"[44, 0, 313, 554]",0
662,ROI_0_Psic_320Ev4-r.png,Psic_320Ev4-r.png,"[5, 22, 723, 648]",90
663,ROI_0_Psic_028Ev3.pdf_pg-17.png,Psic_028Ev3.pdf_pg-17.jpg,"[88, 225, 498, 269]",90
664,ROI_0_Psic_217Ev2.pdf_pg-18.png,Psic_217Ev2.pdf_pg-18.jpg,"[99, 267, 402, 277]",90
665,ROI_0_Psic_402Ev2.pdf_pg-14.png,Psic_402Ev2.pdf_pg-14.jpg,"[246, 277, 406, 354]",-90
666,ROI_0_Psic_123Ev1.pdf_pg-20.png,Psic_123Ev1.pdf_pg-20.jpg,"[75, 184, 386, 281]",90
667,ROI_0_Psic_324Ev1-r.png,Psic_324Ev1-r.png,"[0, 0, 362, 530]",180
668,ROI_0_Psic_122Ev5.pdf_pg-27.png,Psic_122Ev5.pdf_pg-27.jpg,"[27, 257, 458, 380]",0
669,ROI_0_Psic_102Ev5.pdf_pg-25.png,Psic_102Ev5.pdf_pg-25.jpg,"[50, 472, 252, 270]",90
670,ROI_0_Psic_213Ev5.pdf_pg-28.png,Psic_213Ev5.pdf_pg-28.jpg,"[237, 229, 421, 287]",-90
671,ROI_0_Psic_004Ev1.pdf_pg-19.png,Psic_004Ev1.pdf_pg-19.jpg,"[138, 130, 454, 341]",90
672,ROI_0_Psic_002Ev1.pdf_pg-27.png,Psic_002Ev1.pdf_pg-27.jpg,"[114, 151, 382, 264]",90
673,ROI_0_Psic_533Ev2-1.pdf_pg-24.png,Psic_533Ev2-1.pdf_pg-24.jpg,"[77, 370, 256, 370]",0
674,ROI_0_Psic_225Ev4.pdf_pg-65.png,Psic_225Ev4.pdf_pg-65.jpg,"[249, 227, 254, 355]",0
675,ROI_0_Psic_227Ev4.pdf_pg-26.png,Psic_227Ev4.pdf_pg-26.jpg,"[83, 197, 572, 331]",90
676,ROI_0_Psic_527Ev3.pdf_pg-14.png,Psic_527Ev3.pdf_pg-14.jpg,"[196, 202, 478, 352]",-90
677,ROI_0_Psic_322Ev4-r.png,Psic_322Ev4-r.png,"[0, 4, 456, 583]",0
678,ROI_0_Psic_019Ev4b.pdf_pg-23.png,Psic_019Ev4b.pdf_pg-23.jpg,"[73, 181, 387, 360]",90
679,ROI_0_Psic_129Ev4.pdf_pg-25.png,Psic_129Ev4.pdf_pg-25.jpg,"[71, 149, 532, 385]",-90
680,ROI_0_Psic_030Ev1.pdf_pg-17.png,Psic_030Ev1.pdf_pg-17.jpg,"[172, 231, 478, 307]",-90
681,ROI_0_Psic_504Ev3.pdf_pg-25.png,Psic_504Ev3.pdf_pg-25.jpg,"[68, 84, 400, 494]",0
682,ROI_0_Psic_508Ev1.pdf_pg-23.png,Psic_508Ev1.pdf_pg-23.jpg,"[53, 133, 424, 517]",0
683,ROI_0_Psic_223Ev1.pdf_pg-19.png,Psic_223Ev1.pdf_pg-19.jpg,"[129, 162, 475, 383]",90
684,ROI_0_Psic_418Ev1.pdf_pg-21.png,Psic_418Ev1.pdf_pg-21.jpg,"[81, 209, 509, 360]",90
685,ROI_0_Psic_424Ev4.pdf_pg-24.png,Psic_424Ev4.pdf_pg-24.jpg,"[137, 266, 394, 278]",90
686,ROI_0_Psic_243Ev4.pdf_pg-29.png,Psic_243Ev4.pdf_pg-29.jpg,"[33, 234, 250, 450]",0
687,ROI_0_Psic_523Ev1.pdf_pg-22.png,Psic_523Ev1.pdf_pg-22.jpg,"[77, 169, 292, 449]",0
688,ROI_0_Psic_443Ev2.pdf_pg-25.png,Psic_443Ev2.pdf_pg-25.jpg,"[78, 288, 369, 391]",0
689,ROI_0_Psic_326Ev3-r.png,Psic_326Ev3-r.png,"[0, 31, 516, 362]",90
690,ROI_0_Psic_250Ev4.pdf_pg-28.png,Psic_250Ev4.pdf_pg-28.jpg,"[116, 330, 331, 404]",0
691,ROI_0_Psic_346Ev2-r.png,Psic_346Ev2-r.png,"[17, 1, 622, 452]",90
692,ROI_0_Psic_117Ev2.pdf_pg-17.png,Psic_117Ev2.pdf_pg-17.jpg,"[124, 230, 424, 319]",90
693,ROI_0_Psic_427Ev4.pdf_pg-31.png,Psic_427Ev4.pdf_pg-31.jpg,"[20, 169, 390, 274]",90
694,ROI_0_Psic_108Ev4.pdf_pg-24.png,Psic_108Ev4.pdf_pg-24.jpg,"[109, 314, 428, 275]",90
695,ROI_0_Psic_225Ev4.pdf_pg-24.png,Psic_225Ev4.pdf_pg-24.jpg,"[113, 281, 222, 366]",0
696,ROI_0_Psic_443Ev2.pdf_pg-26.png,Psic_443Ev2.pdf_pg-26.jpg,"[74, 237, 339, 454]",0
697,ROI_0_Psic_125Ev4.pdf_pg-25.png,Psic_125Ev4.pdf_pg-25.jpg,"[64, 251, 416, 306]",90
698,ROI_0_Psic_214Ev5.pdf_pg-28.png,Psic_214Ev5.pdf_pg-28.jpg,"[0, 419, 390, 344]",-90
699,ROI_0_Psic_228Ev3.pdf_pg-18.png,Psic_228Ev3.pdf_pg-18.jpg,"[445, 89, 284, 143]",-90
700,ROI_0_Psic_346Ev3-r.png,Psic_346Ev3-r.png,"[0, 0, 581, 504]",90
701,ROI_0_Psic_522Ev3.pdf_pg-26.png,Psic_522Ev3.pdf_pg-26.jpg,"[44, 42, 360, 499]",0
702,ROI_0_Psic_105Ev2.pdf_pg-18.png,Psic_105Ev2.pdf_pg-18.jpg,"[76, 215, 563, 382]",90
703,ROI_0_Psic_404Ev2.pdf_pg-20.png,Psic_404Ev2.pdf_pg-20.jpg,"[75, 244, 434, 335]",90
704,ROI_0_Psic_106Ev2.pdf_pg-18.png,Psic_106Ev2.pdf_pg-18.jpg,"[175, 225, 393, 298]",90
705,ROI_0_Psic_229Ev3.pdf_pg-21.png,Psic_229Ev3.pdf_pg-21.jpg,"[270, 124, 444, 289]",-90
706,ROI_0_Psic_205Ev4.pdf_pg-46.png,Psic_205Ev4.pdf_pg-46.jpg,"[90, 106, 329, 329]",90
707,ROI_0_Psic_229Ev5.pdf_pg-27.png,Psic_229Ev5.pdf_pg-27.jpg,"[180, 219, 210, 133]",90
708,ROI_0_Psic_104Ev4.pdf_pg-25.png,Psic_104Ev4.pdf_pg-25.jpg,"[159, 308, 376, 281]",90
709,ROI_0_Psic_342Ev2-R.png,Psic_342Ev2-R.png,"[26, 20, 551, 351]",0
711,ROI_0_Psic_010Ev1.pdf_pg-15.png,Psic_010Ev1.pdf_pg-15.jpg,"[131, 215, 341, 432]",0
712,ROI_0_Psic_527Ev2.pdf_pg-26.png,Psic_527Ev2.pdf_pg-26.jpg,"[0, 213, 341, 434]",0
713,ROI_0_Psic_247Ev4.pdf_pg-27.png,Psic_247Ev4.pdf_pg-27.jpg,"[140, 105, 461, 372]",-90
714,ROI_0_Psic_433Ev1.pdf_pg-21.png,Psic_433Ev1.pdf_pg-21.jpg,"[94, 291, 225, 361]",0
715,ROI_0_Psic_413Ev4.pdf_pg-21.png,Psic_413Ev4.pdf_pg-21.jpg,"[165, 336, 336, 241]",-90
716,ROI_0_Psic_526Ev3.pdf_pg-23.png,Psic_526Ev3.pdf_pg-23.jpg,"[115, 257, 289, 366]",0
717,ROI_0_Psic_404Ev4.pdf_pg-25.png,Psic_404Ev4.pdf_pg-25.jpg,"[109, 256, 244, 393]",0
718,ROI_0_Psic_032Ev1.pdf_pg-18.png,Psic_032Ev1.pdf_pg-18.jpg,"[66, 66, 328, 251]",-90
720,ROI_0_Psic_310Ev2-r.png,Psic_310Ev2-r.png,"[0, 0, 414, 558]",0
721,ROI_0_Psic_226Ev1.pdf_pg-10.png,Psic_226Ev1.pdf_pg-10.jpg,"[40, 331, 420, 285]",90
722,ROI_0_Psic_322Ev3-r.png,Psic_322Ev3-r.png,"[0, 40, 410, 563]",0
723,ROI_0_Psic_128Ev1.pdf_pg-19.png,Psic_128Ev1.pdf_pg-19.jpg,"[5, 225, 611, 476]",90
725,ROI_0_Psic_239Ev3.pdf_pg-34.png,Psic_239Ev3.pdf_pg-34.jpg,"[93, 115, 200, 343]",0
726,ROI_0_Psic_326Ev1-r.png,Psic_326Ev1-r.png,"[0, 8, 370, 576]",0
727,ROI_0_Psic_417Ev1.pdf_pg-21.png,Psic_417Ev1.pdf_pg-21.jpg,"[81, 234, 473, 332]",90
728,ROI_0_Psic_113Ev4.pdf_pg-25.png,Psic_113Ev4.pdf_pg-25.jpg,"[145, 161, 193, 317]",0
730,ROI_0_Psic_314Ev2-r.png,Psic_314Ev2-r.png,"[8, 11, 470, 629]",0
731,ROI_0_Psic_436Ev1.pdf_pg-22.png,Psic_436Ev1.pdf_pg-22.jpg,"[37, 136, 472, 529]",0
732,ROI_0_Psic_206Ev6.pdf_pg-33.png,Psic_206Ev6.pdf_pg-33.jpg,"[164, 169, 269, 203]",90
733,ROI_0_Psic_218Ev4.pdf_pg-62.png,Psic_218Ev4.pdf_pg-62.jpg,"[100, 329, 474, 302]",90
734,ROI_0_Psic_424Ev3.pdf_pg-34.png,Psic_424Ev3.pdf_pg-34.jpg,"[124, 410, 258, 376]",0
735,ROI_0_Psic_218Ev1.pdf_pg-22.png,Psic_218Ev1.pdf_pg-22.jpg,"[136, 64, 367, 406]",0
736,ROI_0_Psic_529Ev3.pdf_pg-22.png,Psic_529Ev3.pdf_pg-22.jpg,"[74, 114, 312, 386]",0
737,ROI_0_Psic_340Ev1-r.png,Psic_340Ev1-r.png,"[16, 23, 487, 418]",90
738,ROI_0_Psic_332Ev3-r.png,Psic_332Ev3-r.png,"[0, 0, 627, 400]",90
739,ROI_0_Psic_404Ev2.pdf_pg-19.png,Psic_404Ev2.pdf_pg-19.jpg,"[131, 109, 514, 425]",-90
740,ROI_0_Psic_108Ev5.pdf_pg-31.png,Psic_108Ev5.pdf_pg-31.jpg,"[102, 259, 329, 411]",0
741,ROI_0_Psic_425Ev4.pdf_pg-24.png,Psic_425Ev4.pdf_pg-24.jpg,"[116, 73, 338, 404]",0
742,ROI_0_Psic_502Ev1.pdf_pg-19.png,Psic_502Ev1.pdf_pg-19.jpg,"[158, 441, 342, 227]",90
743,ROI_0_Psic_414Ev3.pdf_pg-34.png,Psic_414Ev3.pdf_pg-34.jpg,"[151, 368, 310, 385]",0
744,ROI_0_Psic_106Ev5.pdf_pg-28.png,Psic_106Ev5.pdf_pg-28.jpg,"[78, 224, 393, 253]",90
746,ROI_0_Psic_118Ev4.pdf_pg-22.png,Psic_118Ev4.pdf_pg-22.jpg,"[149, 164, 538, 349]",90
747,ROI_0_Psic_404Ev4.pdf_pg-24.png,Psic_404Ev4.pdf_pg-24.jpg,"[58, 358, 382, 293]",90
748,ROI_0_Psic_112Ev5.pdf_pg-24.png,Psic_112Ev5.pdf_pg-24.jpg,"[41, 216, 303, 320]",0
749,ROI_0_Psic_117Ev5.pdf_pg-26.png,Psic_117Ev5.pdf_pg-26.jpg,"[75, 78, 326, 287]",-90
750,ROI_0_Psic_413Ev2.pdf_pg-20.png,Psic_413Ev2.pdf_pg-20.jpg,"[50, 255, 323, 292]",90
751,ROI_0_Psic_423Ev1.pdf_pg-20.png,Psic_423Ev1.pdf_pg-20.jpg,"[170, 198, 413, 317]",90
752,ROI_0_Psic_021Ev2.pdf_pg-17.png,Psic_021Ev2.pdf_pg-17.jpg,"[114, 219, 485, 486]",90
753,ROI_0_Psic_427Ev4.pdf_pg-24.png,Psic_427Ev4.pdf_pg-24.jpg,"[118, 72, 363, 403]",0
754,ROI_0_Psic_532Ev2.pdf_pg-24.png,Psic_532Ev2.pdf_pg-24.jpg,"[68, 123, 310, 377]",0
755,ROI_0_Psic_027Ev2.pdf_pg-19.png,Psic_027Ev2.pdf_pg-19.jpg,"[64, 295, 396, 246]",90
756,ROI_0_Psic_321Ev4-r.png,Psic_321Ev4-r.png,"[0, 15, 454, 690]",0
758,ROI_0_Psic_325Ev2-r.png,Psic_325Ev2-r.png,"[0, 2, 537, 336]",90
759,ROI_0_Psic_041Ev2.pdf_pg-20.png,Psic_041Ev2.pdf_pg-20.jpg,"[141, 220, 450, 308]",-90
760,ROI_0_Psic_009Ev1.pdf_pg-24.png,Psic_009Ev1.pdf_pg-24.jpg,"[54, 289, 451, 294]",90
761,ROI_0_Psic_029Ev4.pdf_pg-24.png,Psic_029Ev4.pdf_pg-24.jpg,"[145, 305, 327, 233]",90
762,ROI_0_Psic_132Ev3.pdf_pg-20.png,Psic_132Ev3.pdf_pg-20.jpg,"[120, 134, 411, 252]",90
763,ROI_0_Psic_248Ev4.pdf_pg-24.png,Psic_248Ev4.pdf_pg-24.jpg,"[95, 114, 321, 329]",0
764,ROI_0_Psic_208Ev1.pdf_pg-8.png,Psic_208Ev1.pdf_pg-8.jpg,"[25, 308, 279, 368]",180
765,ROI_0_Psic_034Ev4.pdf_pg-25.png,Psic_034Ev4.pdf_pg-25.jpg,"[0, 269, 264, 420]",0
766,ROI_0_Psic_205Ev3.pdf_pg-22.png,Psic_205Ev3.pdf_pg-22.jpg,"[43, 264, 419, 292]",90
767,ROI_0_Psic_408Ev3.pdf_pg-35.png,Psic_408Ev3.pdf_pg-35.jpg,"[123, 174, 391, 365]",0
768,ROI_0_Psic_109Ev3.pdf_pg-20.png,Psic_109Ev3.pdf_pg-20.jpg,"[27, 280, 510, 446]",-90
769,ROI_0_Psic_112Ev4.pdf_pg-24.png,Psic_112Ev4.pdf_pg-24.jpg,"[72, 305, 348, 428]",0
770,ROI_0_Psic_246Ev2.pdf_pg-17.png,Psic_246Ev2.pdf_pg-17.jpg,"[168, 471, 330, 364]",90
771,ROI_0_Psic_244Ev3.pdf_pg-18.png,Psic_244Ev3.pdf_pg-18.jpg,"[90, 245, 463, 288]",90
772,ROI_0_Psic_427Ev5.pdf_pg-37.png,Psic_427Ev5.pdf_pg-37.jpg,"[59, 280, 209, 303]",180
773,ROI_0_Psic_408Ev5.pdf_pg-28.png,Psic_408Ev5.pdf_pg-28.jpg,"[0, 305, 531, 316]",90
774,ROI_0_Psic_040Ev2.pdf_pg-20.png,Psic_040Ev2.pdf_pg-20.jpg,"[75, 225, 428, 312]",90
775,ROI_0_Psic_310Ev3-r.png,Psic_310Ev3-r.png,"[0, 22, 369, 507]",0
776,ROI_0_Psic_416Ev1.pdf_pg-19.png,Psic_416Ev1.pdf_pg-19.jpg,"[211, 315, 393, 271]",90
777,ROI_0_Psic_113Ev2.pdf_pg-21.png,Psic_113Ev2.pdf_pg-21.jpg,"[49, 301, 461, 349]",90
778,ROI_0_Psic_002Ev2.pdf_pg-21.png,Psic_002Ev2.pdf_pg-21.jpg,"[118, 211, 479, 392]",90
779,ROI_0_Psic_307Ev4-R.png,Psic_307Ev4-R.png,"[1, 0, 400, 474]",0
780,ROI_0_Psic_201Ev5.pdf_pg-26.png,Psic_201Ev5.pdf_pg-26.jpg,"[45, 168, 563, 556]",90
781,ROI_0_Psic_437Ev2.pdf_pg-22.png,Psic_437Ev2.pdf_pg-22.jpg,"[93, 201, 340, 463]",0
782,ROI_0_Psic_222Ev3.pdf_pg-21.png,Psic_222Ev3.pdf_pg-21.jpg,"[173, 254, 301, 319]",-90
783,ROI_0_Psic_402Ev1.pdf_pg-11.png,Psic_402Ev1.pdf_pg-11.jpg,"[216, 267, 378, 276]",90
784,ROI_0_Psic_241Ev1.pdf_pg-34.png,Psic_241Ev1.pdf_pg-34.jpg,"[242, 194, 467, 276]",-90
785,ROI_0_Psic_318Ev1-r.png,Psic_318Ev1-r.png,"[0, 9, 474, 589]",180
786,ROI_0_Psic_234Ev1.pdf_pg-34.png,Psic_234Ev1.pdf_pg-34.jpg,"[161, 261, 390, 290]",90
788,ROI_0_Psic_109ev2.pdf_pg-21.png,Psic_109ev2.pdf_pg-21.jpg,"[100, 158, 380, 300]",90
789,ROI_0_Psic_210Ev1.pdf_pg-26.png,Psic_210Ev1.pdf_pg-26.jpg,"[99, 137, 344, 263]",90
790,ROI_0_Psic_250Ev1.pdf_pg-36.png,Psic_250Ev1.pdf_pg-36.jpg,"[72, 396, 226, 363]",0
791,ROI_0_Psic_027Ev4.pdf_pg-18.png,Psic_027Ev4.pdf_pg-18.jpg,"[82, 448, 279, 243]",90
792,ROI_0_Psic_113Ev1.pdf_pg-7.png,Psic_113Ev1.pdf_pg-7.jpg,"[133, 95, 369, 333]",90
793,ROI_0_Psic_041Ev4.pdf_pg-28.png,Psic_041Ev4.pdf_pg-28.jpg,"[61, 353, 338, 470]",0
794,ROI_0_Psic_331Ev4-r.png,Psic_331Ev4-r.png,"[26, 23, 476, 339]",90
795,ROI_0_Psic_117Ev3.pdf_pg-17.png,Psic_117Ev3.pdf_pg-17.jpg,"[34, 43, 642, 574]",90
796,ROI_0_Psic_107Ev3.pdf_pg-20.png,Psic_107Ev3.pdf_pg-20.jpg,"[39, 196, 381, 298]",90
797,ROI_0_Psic_313Ev2-r.png,Psic_313Ev2-r.png,"[0, 12, 663, 554]",90
798,ROI_0_Psic_421Ev4.pdf_pg-25.png,Psic_421Ev4.pdf_pg-25.jpg,"[0, 293, 431, 299]",90
799,ROI_0_Psic_004Ev5.pdf_pg-27.png,Psic_004Ev5.pdf_pg-27.jpg,"[20, 237, 355, 532]",0
800,ROI_0_Psic_422Ev4.pdf_pg-26.png,Psic_422Ev4.pdf_pg-26.jpg,"[82, 319, 334, 402]",0
802,ROI_0_Psic_302Ev1-r.png,Psic_302Ev1-r.png,"[0, 0, 470, 404]",90
803,ROI_0_Psic_101Ev3.pdf_pg-20.png,Psic_101Ev3.pdf_pg-20.jpg,"[123, 231, 421, 266]",90
804,ROI_0_Psic_429Ev2.pdf_pg-31.png,Psic_429Ev2.pdf_pg-31.jpg,"[134, 179, 676, 454]",90
805,ROI_0_Psic_517Ev2.pdf_pg-22.png,Psic_517Ev2.pdf_pg-22.jpg,"[84, 230, 422, 355]",90
806,ROI_0_Psic_108Ev4.pdf_pg-25.png,Psic_108Ev4.pdf_pg-25.jpg,"[11, 360, 428, 295]",90
807,ROI_0_Psic_244Ev2.pdf_pg-36.png,Psic_244Ev2.pdf_pg-36.jpg,"[0, 7, 468, 511]",90
809,ROI_0_Psic_228Ev4.pdf_pg-24.png,Psic_228Ev4.pdf_pg-24.jpg,"[26, 599, 200, 142]",90
811,ROI_0_Psic_336Ev3-r.png,Psic_336Ev3-r.png,"[0, 4, 620, 443]",90
812,ROI_0_Psic_513Ev3.pdf_pg-20.png,Psic_513Ev3.pdf_pg-20.jpg,"[48, 213, 498, 345]",90
813,ROI_0_Psic_415Ev2.pdf_pg-20.png,Psic_415Ev2.pdf_pg-20.jpg,"[115, 48, 510, 332]",90
814,ROI_0_Psic_333Ev1-r.png,Psic_333Ev1-r.png,"[0, 0, 625, 469]",90
815,ROI_0_Psic_202Ev2.pdf_pg-18.png,Psic_202Ev2.pdf_pg-18.jpg,"[117, 295, 408, 321]",90
816,ROI_0_Psic_016Ev2.pdf_pg-18.png,Psic_016Ev2.pdf_pg-18.jpg,"[128, 182, 499, 309]",90
817,ROI_0_Psic_205Ev4.pdf_pg-48.png,Psic_205Ev4.pdf_pg-48.jpg,"[43, 452, 362, 283]",90
818,ROI_0_Psic_427Ev1.pdf_pg-20.png,Psic_427Ev1.pdf_pg-20.jpg,"[197, 138, 411, 284]",90
819,ROI_0_Psic_509Ev3.pdf_pg-24.png,Psic_509Ev3.pdf_pg-24.jpg,"[118, 58, 311, 406]",0
820,ROI_0_Psic_103Ev5.pdf_pg-26.png,Psic_103Ev5.pdf_pg-26.jpg,"[42, 275, 393, 533]",0
821,ROI_0_Psic_341Ev3-r.png,Psic_341Ev3-r.png,"[9, 19, 413, 361]",90
822,ROI_0_Psic_328Ev1-R.png,Psic_328Ev1-R.png,"[23, 22, 369, 653]",180
823,ROI_0_Psic_015Ev3.pdf_pg-35.png,Psic_015Ev3.pdf_pg-35.jpg,"[71, 78, 447, 425]",90
824,ROI_0_Psic_213Ev4.pdf_pg-25.png,Psic_213Ev4.pdf_pg-25.jpg,"[95, 110, 242, 373]",0
825,ROI_0_Psic_311 f3Ev2-r.png,Psic_311 f3Ev2-r.png,"[0, 0, 611, 466]",90
826,ROI_0_Psic_135Ev5.pdf_pg-26.png,Psic_135Ev5.pdf_pg-26.jpg,"[58, 148, 393, 511]",0
827,ROI_0_Psic_533Ev1.pdf_pg-33.png,Psic_533Ev1.pdf_pg-33.jpg,"[110, 233, 408, 303]",90
828,ROI_0_Psic_422Ev3.pdf_pg-34.png,Psic_422Ev3.pdf_pg-34.jpg,"[135, 246, 456, 324]",-90
829,ROI_0_Psic_039Ev1.pdf_pg-18.png,Psic_039Ev1.pdf_pg-18.jpg,"[195, 198, 391, 249]",-90
830,ROI_0_Psic_440Ev2.pdf_pg-23.png,Psic_440Ev2.pdf_pg-23.jpg,"[74, 230, 297, 513]",0
831,ROI_0_Psic_135Ev5.pdf_pg-27.png,Psic_135Ev5.pdf_pg-27.jpg,"[88, 161, 601, 409]",-90
832,ROI_0_Psic_503Ev3.pdf_pg-24.png,Psic_503Ev3.pdf_pg-24.jpg,"[87, 180, 444, 517]",0
835,ROI_0_Psic_424Ev1.pdf_pg-21.png,Psic_424Ev1.pdf_pg-21.jpg,"[144, 199, 453, 338]",90
836,ROI_0_Psic_130Ev1.pdf_pg-18.png,Psic_130Ev1.pdf_pg-18.jpg,"[126, 127, 263, 299]",0
837,ROI_0_Psic_203Ev3.pdf_pg-21.png,Psic_203Ev3.pdf_pg-21.jpg,"[38, 121, 312, 508]",0
838,ROI_0_Psic_005Ev3.pdf_pg-32.png,Psic_005Ev3.pdf_pg-32.jpg,"[132, 267, 375, 308]",90
841,ROI_0_Psic_042Ev4.pdf_pg-25.png,Psic_042Ev4.pdf_pg-25.jpg,"[159, 205, 502, 358]",-90
842,ROI_0_Psic_208Ev2.pdf_pg-36.png,Psic_208Ev2.pdf_pg-36.jpg,"[108, 286, 299, 368]",0
843,ROI_0_Psic_102Ev5.pdf_pg-24.png,Psic_102Ev5.pdf_pg-24.jpg,"[11, 426, 320, 298]",90
844,ROI_0_Psic_225Ev5.pdf_pg-25.png,Psic_225Ev5.pdf_pg-25.jpg,"[175, 159, 328, 400]",0
845,ROI_0_Psic_401Ev5.pdf_pg-27.png,Psic_401Ev5.pdf_pg-27.jpg,"[7, 348, 457, 295]",90
846,ROI_0_Psic_441Ev2.pdf_pg-22.png,Psic_441Ev2.pdf_pg-22.jpg,"[87, 351, 338, 422]",0
848,ROI_0_Psic_409Ev1.pdf_pg-35.png,Psic_409Ev1.pdf_pg-35.jpg,"[0, 264, 484, 233]",90
849,ROI_0_Psic_141Ev3.pdf_pg-17.png,Psic_141Ev3.pdf_pg-17.jpg,"[14, 307, 478, 263]",90
850,ROI_0_Psic_233Ev2.pdf_pg-21.png,Psic_233Ev2.pdf_pg-21.jpg,"[66, 233, 254, 358]",0
851,ROI_0_Psic_324Ev5-r.png,Psic_324Ev5-r.png,"[29, 0, 586, 433]",90
852,ROI_0_Psic_204Ev1.pdf_pg-15.png,Psic_204Ev1.pdf_pg-15.jpg,"[0, 164, 439, 461]",90
853,ROI_0_Psic_301Ev2-r.png,Psic_301Ev2-r.png,"[15, 12, 487, 403]",-90
854,ROI_0_Psic_311 f3Ev1-r.png,Psic_311 f3Ev1-r.png,"[24, 20, 389, 657]",180
855,ROI_0_Psic_518Ev2.pdf_pg-25.png,Psic_518Ev2.pdf_pg-25.jpg,"[132, 264, 409, 310]",90
856,ROI_0_Psic_434Ev4.pdf_pg-28.png,Psic_434Ev4.pdf_pg-28.jpg,"[57, 181, 317, 289]",90
857,ROI_0_Psic_213Ev2.pdf_pg-18.png,Psic_213Ev2.pdf_pg-18.jpg,"[13, 96, 300, 397]",0
859,ROI_0_Psic_011Ev5.pdf_pg-25.png,Psic_011Ev5.pdf_pg-25.jpg,"[63, 73, 368, 479]",0
860,ROI_0_Psic_434Ev1.pdf_pg-21.png,Psic_434Ev1.pdf_pg-21.jpg,"[117, 317, 328, 331]",90
861,ROI_0_Psic_435Ev2.pdf_pg-23.png,Psic_435Ev2.pdf_pg-23.jpg,"[37, 99, 298, 319]",0
862,ROI_0_Psic_405Ev1.pdf_pg-42.png,Psic_405Ev1.pdf_pg-42.jpg,"[239, 176, 392, 255]",90
863,ROI_0_Psic_220Ev4.pdf_pg-63.png,Psic_220Ev4.pdf_pg-63.jpg,"[43, 290, 562, 508]",0
864,ROI_0_Psic_128Ev2.pdf_pg-18.png,Psic_128Ev2.pdf_pg-18.jpg,"[213, 138, 417, 312]",-90
865,ROI_0_Psic_033Ev1.pdf_pg-18.png,Psic_033Ev1.pdf_pg-18.jpg,"[251, 129, 388, 297]",-90
866,ROI_0_Psic_433Ev4.pdf_pg-28.png,Psic_433Ev4.pdf_pg-28.jpg,"[97, 316, 228, 359]",0
867,ROI_0_Psic_431Ev1.pdf_pg-21.png,Psic_431Ev1.pdf_pg-21.jpg,"[169, 167, 325, 205]",90
869,ROI_0_Psic_024Ev2.pdf_pg-18.png,Psic_024Ev2.pdf_pg-18.jpg,"[107, 151, 386, 313]",90
870,ROI_0_Psic_238Ev5.pdf_pg-23.png,Psic_238Ev5.pdf_pg-23.jpg,"[96, 206, 298, 337]",0
871,ROI_0_Psic_216Ev1.pdf_pg-6.png,Psic_216Ev1.pdf_pg-6.jpg,"[26, 423, 223, 196]",90
872,ROI_0_Psic_531Ev2.pdf_pg-20.png,Psic_531Ev2.pdf_pg-20.jpg,"[102, 57, 326, 393]",0
874,ROI_0_Psic_210Ev4.pdf_pg-25.png,Psic_210Ev4.pdf_pg-25.jpg,"[127, 197, 320, 427]",0
875,ROI_0_Psic_042Ev4.pdf_pg-23.png,Psic_042Ev4.pdf_pg-23.jpg,"[164, 153, 489, 355]",-90
878,ROI_0_Psic_505Ev3.pdf_pg-25.png,Psic_505Ev3.pdf_pg-25.jpg,"[92, 207, 504, 506]",0
879,ROI_0_Psic_207Ev2.pdf_pg-22.png,Psic_207Ev2.pdf_pg-22.jpg,"[131, 321, 319, 411]",0
880,ROI_0_Psic_212Ev2.pdf_pg-21.png,Psic_212Ev2.pdf_pg-21.jpg,"[85, 151, 428, 321]",90
881,ROI_0_Psic_241Ev5.pdf_pg-27.png,Psic_241Ev5.pdf_pg-27.jpg,"[81, 37, 319, 512]",0
882,ROI_0_Psic_124Ev3.pdf_pg-17.png,Psic_124Ev3.pdf_pg-17.jpg,"[46, 376, 265, 237]",90
883,ROI_0_Psic_316Ev3-R.png,Psic_316Ev3-R.png,"[0, 2, 568, 645]",0
885,ROI_0_Psic_411Ev3.pdf_pg-34.png,Psic_411Ev3.pdf_pg-34.jpg,"[125, 277, 354, 425]",0
886,ROI_0_Psic_346Ev1-r.png,Psic_346Ev1-r.png,"[4, 26, 490, 678]",0
887,ROI_0_Psic_327Ev1-r.png,Psic_327Ev1-r.png,"[0, 32, 458, 454]",90
888,ROI_0_Psic_213Ev4.pdf_pg-31.png,Psic_213Ev4.pdf_pg-31.jpg,"[90, 293, 465, 303]",90
889,ROI_0_Psic_118Ev4.pdf_pg-23.png,Psic_118Ev4.pdf_pg-23.jpg,"[101, 189, 503, 307]",-90
890,ROI_0_Psic_041Ev1.pdf_pg-18.png,Psic_041Ev1.pdf_pg-18.jpg,"[124, 183, 433, 280]",90
891,ROI_0_Psic_303Ev2-r.png,Psic_303Ev2-r.png,"[10, 17, 510, 372]",90
892,ROI_0_Psic_348Ev3-r.png,Psic_348Ev3-r.png,"[31, 3, 684, 468]",-90
893,ROI_0_Psic_024Ev3.pdf_pg-19.png,Psic_024Ev3.pdf_pg-19.jpg,"[31, 81, 243, 333]",0
894,ROI_0_Psic_244Ev2.pdf_pg-20.png,Psic_244Ev2.pdf_pg-20.jpg,"[31, 231, 320, 319]",90
895,ROI_0_Psic_303Ev5-r.png,Psic_303Ev5-r.png,"[7, 12, 485, 330]",-90
896,ROI_0_Psic_038Ev1.pdf_pg-18.png,Psic_038Ev1.pdf_pg-18.jpg,"[84, 296, 409, 284]",90
897,ROI_0_Psic_140Ev3.pdf_pg-17.png,Psic_140Ev3.pdf_pg-17.jpg,"[135, 354, 370, 214]",90
898,ROI_0_Psic_139Ev1.pdf_pg-21.png,Psic_139Ev1.pdf_pg-21.jpg,"[72, 124, 250, 202]",-90
899,ROI_0_Psic_129Ev5.pdf_pg-27.png,Psic_129Ev5.pdf_pg-27.jpg,"[127, 255, 382, 389]",0
900,ROI_0_Psic_141Ev2.pdf_pg-17.png,Psic_141Ev2.pdf_pg-17.jpg,"[20, 111, 604, 386]",90
901,ROI_0_Psic_241Ev4.pdf_pg-25.png,Psic_241Ev4.pdf_pg-25.jpg,"[126, 280, 414, 306]",90
902,ROI_0_Psic_250Ev3.pdf_pg-18.png,Psic_250Ev3.pdf_pg-18.jpg,"[61, 230, 501, 353]",90
903,ROI_0_Psic_401Ev1.pdf_pg-14.png,Psic_401Ev1.pdf_pg-14.jpg,"[144, 324, 396, 395]",180
904,ROI_0_Psic_228Ev5.pdf_pg-25.png,Psic_228Ev5.pdf_pg-25.jpg,"[164, 436, 279, 249]",90
905,ROI_0_Psic_028Ev1.pdf_pg-22.png,Psic_028Ev1.pdf_pg-22.jpg,"[105, 309, 306, 296]",90
906,ROI_0_Psic_227Ev3.pdf_pg-19.png,Psic_227Ev3.pdf_pg-19.jpg,"[66, 140, 486, 305]",90
907,ROI_0_Psic_331Ev3-r.png,Psic_331Ev3-r.png,"[10, 30, 517, 341]",90
909,ROI_0_Psic_244Ev4.pdf_pg-28.png,Psic_244Ev4.pdf_pg-28.jpg,"[78, 167, 383, 296]",90
910,ROI_0_Psic_132Ev5.pdf_pg-26.png,Psic_132Ev5.pdf_pg-26.jpg,"[47, 238, 234, 320]",90
911,ROI_0_Psic_440Ev1.pdf_pg-22.png,Psic_440Ev1.pdf_pg-22.jpg,"[85, 192, 343, 447]",0
912,ROI_0_Psic_522Ev2.pdf_pg-18.png,Psic_522Ev2.pdf_pg-18.jpg,"[144, 238, 434, 352]",-90
913,ROI_0_Psic_514Ev2.pdf_pg-22.png,Psic_514Ev2.pdf_pg-22.jpg,"[120, 269, 297, 381]",0
914,ROI_0_Psic_220Ev5.pdf_pg-28.png,Psic_220Ev5.pdf_pg-28.jpg,"[79, 209, 510, 339]",-90
915,ROI_0_Psic_432Ev1.pdf_pg-21.png,Psic_432Ev1.pdf_pg-21.jpg,"[153, 225, 400, 297]",90
916,ROI_0_Psic_216Ev2.pdf_pg-18.png,Psic_216Ev2.pdf_pg-18.jpg,"[344, 246, 298, 246]",0
917,ROI_0_Psic_304Ev1-r.png,Psic_304Ev1-r.png,"[8, 32, 721, 473]",90
918,ROI_0_Psic_008Ev3.pdf_pg-18.png,Psic_008Ev3.pdf_pg-18.jpg,"[19, 7, 317, 379]",0
919,ROI_0_Psic_444Ev2.pdf_pg-22.png,Psic_444Ev2.pdf_pg-22.jpg,"[54, 311, 396, 462]",0
921,ROI_0_Psic_027Ev3.pdf_pg-18.png,Psic_027Ev3.pdf_pg-18.jpg,"[442, 269, 199, 112]",-90
922,ROI_0_Psic_249Ev1.pdf_pg-34.png,Psic_249Ev1.pdf_pg-34.jpg,"[59, 386, 301, 352]",0
923,ROI_0_Psic_115Ev2.pdf_pg-21.png,Psic_115Ev2.pdf_pg-21.jpg,"[182, 328, 383, 311]",90
924,ROI_0_Psic_318Ev3-r.png,Psic_318Ev3-r.png,"[7, 11, 666, 463]",90
925,ROI_0_Psic_033Ev5.pdf_pg-32.png,Psic_033Ev5.pdf_pg-32.jpg,"[96, 248, 434, 300]",90
926,ROI_0_Psic_428Ev4.pdf_pg-24.png,Psic_428Ev4.pdf_pg-24.jpg,"[140, 214, 312, 395]",0
927,ROI_0_Psic_107Ev4.pdf_pg-23.png,Psic_107Ev4.pdf_pg-23.jpg,"[51, 289, 335, 252]",90
928,ROI_0_Psic_110Ev4.pdf_pg-22.png,Psic_110Ev4.pdf_pg-22.jpg,"[52, 182, 501, 490]",0
929,ROI_0_Psic_423Ev4.pdf_pg-25.png,Psic_423Ev4.pdf_pg-25.jpg,"[135, 376, 350, 279]",90
930,ROI_0_Psic_320Ev5-r.png,Psic_320Ev5-r.png,"[0, 16, 671, 637]",0
931,ROI_0_Psic_110Ev1.pdf_pg-6.png,Psic_110Ev1.pdf_pg-6.jpg,"[113, 225, 416, 308]",90
932,ROI_0_Psic_139Ev2.pdf_pg-18.png,Psic_139Ev2.pdf_pg-18.jpg,"[122, 21, 326, 302]",0
933,ROI_0_Psic_425Ev2.pdf_pg-34.png,Psic_425Ev2.pdf_pg-34.jpg,"[2, 149, 691, 594]",0
934,ROI_0_Psic_512Ev5.pdf_pg-25.png,Psic_512Ev5.pdf_pg-25.jpg,"[97, 48, 319, 445]",0
935,ROI_0_Psic_238Ev4.pdf_pg-24.png,Psic_238Ev4.pdf_pg-24.jpg,"[221, 427, 210, 284]",0
936,ROI_0_Psic_512Ev1.pdf_pg-20.png,Psic_512Ev1.pdf_pg-20.jpg,"[42, 219, 327, 448]",0
937,ROI_0_Psic_225Ev4.pdf_pg-67.png,Psic_225Ev4.pdf_pg-67.jpg,"[80, 369, 261, 209]",90
938,ROI_0_Psic_324Ev2-r.png,Psic_324Ev2-r.png,"[0, 12, 638, 413]",90
939,ROI_0_Psic_206Ev2.pdf_pg-5.png,Psic_206Ev2.pdf_pg-5.jpg,"[150, 225, 212, 306]",0
940,ROI_0_Psic_501Ev3-1.pdf_pg-21.png,Psic_501Ev3-1.pdf_pg-21.jpg,"[115, 165, 467, 355]",90
941,ROI_0_Psic_121Ev2.pdf_pg-21.png,Psic_121Ev2.pdf_pg-21.jpg,"[126, 251, 390, 269]",90
944,ROI_0_Psic_307Ev6-R.png,Psic_307Ev6-R.png,"[0, 52, 604, 421]",90
945,ROI_0_Psic_243v2.pdf_pg-17.png,Psic_243v2.pdf_pg-17.jpg,"[116, 80, 276, 359]",0
946,ROI_0_Psic_430Ev2.pdf_pg-20.png,Psic_430Ev2.pdf_pg-20.jpg,"[132, 195, 488, 306]",90
947,ROI_0_Psic_504Ev2.pdf_pg-20.png,Psic_504Ev2.pdf_pg-20.jpg,"[91, 190, 487, 392]",90
948,ROI_0_Psic_336Ev2-r.png,Psic_336Ev2-r.png,"[1, 36, 424, 612]",0
950,ROI_0_Psic_331Ev1-r.png,Psic_331Ev1-r.png,"[102, 17, 521, 324]",90
951,ROI_0_Psic_424Ev5.pdf_pg-32.png,Psic_424Ev5.pdf_pg-32.jpg,"[167, 228, 445, 299]",90
952,ROI_0_Psic_138Ev1.pdf_pg-18.png,Psic_138Ev1.pdf_pg-18.jpg,"[63, 238, 443, 303]",90
953,ROI_0_Psic_023Ev1.pdf_pg-20.png,Psic_023Ev1.pdf_pg-20.jpg,"[88, 53, 502, 332]",90
954,ROI_0_Psic_434Ev2.pdf_pg-33.png,Psic_434Ev2.pdf_pg-33.jpg,"[59, 221, 373, 320]",90
955,ROI_0_Psic_503Ev3.pdf_pg-25.png,Psic_503Ev3.pdf_pg-25.jpg,"[60, 270, 312, 546]",0
956,ROI_0_Psic_132Ev2.pdf_pg-16.png,Psic_132Ev2.pdf_pg-16.jpg,"[37, 235, 382, 256]",90
957,ROI_0_Psic_430Ev1.pdf_pg-1.png,Psic_430Ev1.pdf_pg-1.jpg,"[0, 0, 841, 593]",90
958,ROI_0_Psic_504Ev1.pdf_pg-21.png,Psic_504Ev1.pdf_pg-21.jpg,"[187, 227, 414, 280]",90
959,ROI_0_Psic_417Ev5.pdf_pg-25.png,Psic_417Ev5.pdf_pg-25.jpg,"[101, 301, 393, 427]",0
960,ROI_0_Psic_325Ev1-r.png,Psic_325Ev1-r.png,"[0, 0, 400, 562]",180
961,ROI_0_Psic_028Ev5.pdf_pg-33.png,Psic_028Ev5.pdf_pg-33.jpg,"[58, 124, 286, 458]",180
962,ROI_0_Psic_438Ev2.pdf_pg-23.png,Psic_438Ev2.pdf_pg-23.jpg,"[73, 183, 312, 431]",0
963,ROI_0_Psic_010Ev3.pdf_pg-21.png,Psic_010Ev3.pdf_pg-21.jpg,"[76, 84, 489, 342]",90
964,ROI_0_Psic_002Ev4.pdf_pg-22.png,Psic_002Ev4.pdf_pg-22.jpg,"[129, 301, 284, 389]",180
965,ROI_0_Psic_516Ev2.pdf_pg-22.png,Psic_516Ev2.pdf_pg-22.jpg,"[124, 342, 420, 280]",90
966,ROI_0_Psic_042Ev5.pdf_pg-24.png,Psic_042Ev5.pdf_pg-24.jpg,"[45, 280, 322, 429]",0
967,ROI_0_Psic_412Ev1.pdf_pg-11.png,Psic_412Ev1.pdf_pg-11.jpg,"[73, 36, 504, 378]",90
968,ROI_0_Psic_143Ev2.pdf_pg-20.png,Psic_143Ev2.pdf_pg-20.jpg,"[107, 180, 469, 385]",90
969,ROI_0_Psic_344Ev1-r.png,Psic_344Ev1-r.png,"[14, 6, 823, 509]",90
970,ROI_0_Psic_524Ev3.pdf_pg-24.png,Psic_524Ev3.pdf_pg-24.jpg,"[88, 71, 325, 461]",0
971,ROI_0_Psic_219Ev4.pdf_pg-24.png,Psic_219Ev4.pdf_pg-24.jpg,"[153, 169, 185, 227]",0
972,ROI_0_Psic_327Ev3-r.png,Psic_327Ev3-r.png,"[0, 22, 346, 370]",90
973,ROI_0_Psic_101Ev5.pdf_pg-26.png,Psic_101Ev5.pdf_pg-26.jpg,"[127, 240, 210, 343]",0
975,ROI_0_Psic_440Ev2.pdf_pg-22.png,Psic_440Ev2.pdf_pg-22.jpg,"[58, 279, 309, 471]",0
976,ROI_0_Psic_443Ev1.pdf_pg-22.png,Psic_443Ev1.pdf_pg-22.jpg,"[114, 278, 283, 387]",0
977,ROI_0_Psic_033Ev2.pdf_pg-20.png,Psic_033Ev2.pdf_pg-20.jpg,"[88, 338, 319, 274]",90
978,ROI_0_Psic_528Ev3.pdf_pg-24.png,Psic_528Ev3.pdf_pg-24.jpg,"[51, 160, 334, 400]",0
979,ROI_0_Psic_237Ev1.pdf_pg-20.png,Psic_237Ev1.pdf_pg-20.jpg,"[103, 100, 320, 378]",0
980,ROI_0_Psic_503Ev2.pdf_pg-24.png,Psic_503Ev2.pdf_pg-24.jpg,"[133, 208, 598, 412]",-90
981,ROI_0_Psic_413Ev3.pdf_pg-21.png,Psic_413Ev3.pdf_pg-21.jpg,"[158, 246, 330, 255]",90
982,ROI_0_Psic_026Ev1.pdf_pg-18.png,Psic_026Ev1.pdf_pg-18.jpg,"[39, 121, 285, 433]",0
983,ROI_0_Psic_243Ev1.pdf_pg-26.png,Psic_243Ev1.pdf_pg-26.jpg,"[113, 262, 303, 355]",0
984,ROI_0_Psic_228Ev5.pdf_pg-26.png,Psic_228Ev5.pdf_pg-26.jpg,"[123, 235, 331, 298]",90
985,ROI_0_Psic_113Ev5.pdf_pg-26.png,Psic_113Ev5.pdf_pg-26.jpg,"[112, 152, 194, 255]",0
986,ROI_0_Psic_305Ev2-r.png,Psic_305Ev2-r.png,"[0, 0, 534, 352]",90
987,ROI_0_Psic_140Ev5.pdf_pg-30.png,Psic_140Ev5.pdf_pg-30.jpg,"[57, 424, 235, 359]",0
988,ROI_0_Psic_244Ev4.pdf_pg-26.png,Psic_244Ev4.pdf_pg-26.jpg,"[27, 66, 527, 499]",0
989,ROI_0_Psic_305Ev3-r.png,Psic_305Ev3-r.png,"[5, 0, 519, 379]",90
990,ROI_0_Psic_103Ev4.pdf_pg-24.png,Psic_103Ev4.pdf_pg-24.jpg,"[102, 202, 493, 467]",-90
991,ROI_0_Psic_322Ev5-r.png,Psic_322Ev5-r.png,"[8, 34, 559, 454]",-90
992,ROI_0_Psic_307Ev2-R.png,Psic_307Ev2-R.png,"[0, 0, 571, 374]",90
993,ROI_0_Psic_115Ev5.pdf_pg-27.png,Psic_115Ev5.pdf_pg-27.jpg,"[32, 212, 264, 431]",0
