id:0; fname:ROI_0_Psic_012Ev1.pdf_pg-7.png; forig:Psic_012Ev1.pdf_pg-7.jpg; BB:[187, 221, 200, 182]; rot:0
id:1; fname:ROI_0_Psic_502Ev2.pdf_pg-23.png; forig:Psic_502Ev2.pdf_pg-23.jpg; BB:[209, 349, 360, 250]; rot:90
id:3; fname:ROI_0_Psic_202Ev5.pdf_pg-29.png; forig:Psic_202Ev5.pdf_pg-29.jpg; BB:[37, 211, 419, 548]; rot:0
id:4; fname:ROI_0_Psic_237Ev4.pdf_pg-24.png; forig:Psic_237Ev4.pdf_pg-24.jpg; BB:[61, 197, 371, 434]; rot:0
id:5; fname:ROI_0_Psic_421Ev1.pdf_pg-36.png; forig:Psic_421Ev1.pdf_pg-36.jpg; BB:[120, 204, 439, 306]; rot:90
id:6; fname:ROI_0_Psic_408Ev2.pdf_pg-35.png; forig:Psic_408Ev2.pdf_pg-35.jpg; BB:[215, 321, 207, 304]; rot:0
id:7; fname:ROI_0_Psic_020Ev1.pdf_pg-9.png; forig:Psic_020Ev1.pdf_pg-9.jpg; BB:[145, 295, 366, 261]; rot:90
id:8; fname:ROI_0_Psic_118Ev5.pdf_pg-25.png; forig:Psic_118Ev5.pdf_pg-25.jpg; BB:[1, 185, 348, 345]; rot:0
id:9; fname:ROI_0_Psic_115Ev5.pdf_pg-26.png; forig:Psic_115Ev5.pdf_pg-26.jpg; BB:[75, 127, 306, 377]; rot:0
id:10; fname:ROI_0_Psic_122Ev2.pdf_pg-21.png; forig:Psic_122Ev2.pdf_pg-21.jpg; BB:[76, 78, 590, 488]; rot:0
id:11; fname:ROI_0_Psic_414Ev2.pdf_pg-34.png; forig:Psic_414Ev2.pdf_pg-34.jpg; BB:[47, 198, 374, 282]; rot:90
id:12; fname:ROI_0_Psic_016Ev5.pdf_pg-25.png; forig:Psic_016Ev5.pdf_pg-25.jpg; BB:[141, 230, 271, 325]; rot:0
id:13; fname:ROI_0_Psic_225Ev1.pdf_pg-6.png; forig:Psic_225Ev1.pdf_pg-6.jpg; BB:[159, 239, 332, 264]; rot:90
id:14; fname:ROI_0_Psic_526Ev4.pdf_pg-30.png; forig:Psic_526Ev4.pdf_pg-30.jpg; BB:[39, 92, 297, 410]; rot:0
id:15; fname:ROI_0_Psic_042Ev2.pdf_pg-19.png; forig:Psic_042Ev2.pdf_pg-19.jpg; BB:[77, 151, 478, 341]; rot:90
id:17; fname:ROI_0_Psic_037Ev1.pdf_pg-18.png; forig:Psic_037Ev1.pdf_pg-18.jpg; BB:[268, 138, 395, 298]; rot:-90
id:18; fname:ROI_0_Psic_330Ev1-r.png; forig:Psic_330Ev1-r.png; BB:[1, 8, 817, 524]; rot:90
id:19; fname:ROI_0_Psic_245Ev1.pdf_pg-39.png; forig:Psic_245Ev1.pdf_pg-39.jpg; BB:[106, 324, 343, 473]; rot:0
id:21; fname:ROI_0_Psic_403Ev2.pdf_pg-21.png; forig:Psic_403Ev2.pdf_pg-21.jpg; BB:[234, 171, 442, 294]; rot:-90
id:22; fname:ROI_0_Psic_105Ev3.pdf_pg-19.png; forig:Psic_105Ev3.pdf_pg-19.jpg; BB:[167, 212, 496, 322]; rot:90
id:23; fname:ROI_0_Psic_431Ev2.pdf_pg-20.png; forig:Psic_431Ev2.pdf_pg-20.jpg; BB:[169, 234, 452, 227]; rot:90
id:24; fname:ROI_0_Psic_304Ev3-r.png; forig:Psic_304Ev3-r.png; BB:[0, 0, 381, 615]; rot:0
id:25; fname:ROI_0_Psic_319Ev5-r.png; forig:Psic_319Ev5-r.png; BB:[5, 0, 641, 476]; rot:90
id:26; fname:ROI_0_Psic_210Ev2.pdf_pg-20.png; forig:Psic_210Ev2.pdf_pg-20.jpg; BB:[79, 260, 369, 267]; rot:90
id:27; fname:ROI_0_Psic_201Ev1.pdf_pg-32.png; forig:Psic_201Ev1.pdf_pg-32.jpg; BB:[134, 233, 415, 358]; rot:90
id:28; fname:ROI_0_Psic_112Ev3.pdf_pg-18.png; forig:Psic_112Ev3.pdf_pg-18.jpg; BB:[72, 45, 252, 386]; rot:0
id:29; fname:ROI_0_Psic_132Ev4.pdf_pg-34.png; forig:Psic_132Ev4.pdf_pg-34.jpg; BB:[80, 297, 445, 303]; rot:90
id:30; fname:ROI_0_Psic_320Ev2-r.png; forig:Psic_320Ev2-r.png; BB:[0, 17, 744, 459]; rot:90
id:31; fname:ROI_0_Psic_126Ev2.pdf_pg-21.png; forig:Psic_126Ev2.pdf_pg-21.jpg; BB:[21, 308, 393, 368]; rot:90
id:32; fname:ROI_0_Psic_301Ev1-r.png; forig:Psic_301Ev1-r.png; BB:[1, 0, 408, 324]; rot:90
id:33; fname:ROI_0_Psic_120Ev1.pdf_pg-18.png; forig:Psic_120Ev1.pdf_pg-18.jpg; BB:[129, 113, 468, 365]; rot:90
id:34; fname:ROI_0_Psic_025Ev2.pdf_pg-19.png; forig:Psic_025Ev2.pdf_pg-19.jpg; BB:[121, 186, 450, 322]; rot:90
id:35; fname:ROI_0_Psic_321Ev2-r.png; forig:Psic_321Ev2-r.png; BB:[0, 0, 462, 719]; rot:0
id:36; fname:ROI_0_Psic_137Ev2.pdf_pg-18.png; forig:Psic_137Ev2.pdf_pg-18.jpg; BB:[59, 353, 423, 284]; rot:90
id:37; fname:ROI_0_Psic_326Ev2-r.png; forig:Psic_326Ev2-r.png; BB:[0, 0, 599, 488]; rot:0
id:38; fname:ROI_0_Psic_002Ev3.pdf_pg-20.png; forig:Psic_002Ev3.pdf_pg-20.jpg; BB:[83, 92, 560, 362]; rot:90
id:39; fname:ROI_0_Psic_016Ev3.pdf_pg-20.png; forig:Psic_016Ev3.pdf_pg-20.jpg; BB:[86, 224, 324, 374]; rot:90
id:40; fname:ROI_0_Psic_338Ev2-R.png; forig:Psic_338Ev2-R.png; BB:[0, 40, 605, 428]; rot:-90
id:41; fname:ROI_0_Psic_123Ev2.pdf_pg-16.png; forig:Psic_123Ev2.pdf_pg-16.jpg; BB:[56, 500, 281, 362]; rot:180
id:42; fname:ROI_0_Psic_117Ev4.pdf_pg-24.png; forig:Psic_117Ev4.pdf_pg-24.jpg; BB:[138, 231, 504, 336]; rot:90
id:45; fname:ROI_0_Psic_529Ev1.pdf_pg-22.png; forig:Psic_529Ev1.pdf_pg-22.jpg; BB:[18, 398, 365, 444]; rot:0
id:46; fname:ROI_0_Psic_510Ev3.pdf_pg-23.png; forig:Psic_510Ev3.pdf_pg-23.jpg; BB:[148, 209, 406, 431]; rot:0
id:47; fname:ROI_0_Psic_502Ev3.pdf_pg-27.png; forig:Psic_502Ev3.pdf_pg-27.jpg; BB:[71, 216, 403, 488]; rot:0
id:48; fname:ROI_0_Psic_425Ev1.pdf_pg-20.png; forig:Psic_425Ev1.pdf_pg-20.jpg; BB:[145, 174, 457, 284]; rot:90
id:49; fname:ROI_0_Psic_210Ev4.pdf_pg-31.png; forig:Psic_210Ev4.pdf_pg-31.jpg; BB:[121, 119, 521, 404]; rot:90
id:50; fname:ROI_0_Psic_509Ev2.pdf_pg-22.png; forig:Psic_509Ev2.pdf_pg-22.jpg; BB:[141, 124, 386, 320]; rot:-90
id:51; fname:ROI_0_Psic_532Ev1.pdf_pg-22.png; forig:Psic_532Ev1.pdf_pg-22.jpg; BB:[376, 150, 416, 222]; rot:-90
id:52; fname:ROI_0_Psic_115Ev1.pdf_pg-7.png; forig:Psic_115Ev1.pdf_pg-7.jpg; BB:[70, 468, 245, 367]; rot:0
id:53; fname:ROI_0_Psic_206Ev3.pdf_pg-18.png; forig:Psic_206Ev3.pdf_pg-18.jpg; BB:[83, 252, 327, 243]; rot:-90
id:54; fname:ROI_0_Psic_030Ev5.pdf_pg-28.png; forig:Psic_030Ev5.pdf_pg-28.jpg; BB:[153, 354, 320, 370]; rot:0
id:55; fname:ROI_0_Psic_523Ev2.pdf_pg-29.png; forig:Psic_523Ev2.pdf_pg-29.jpg; BB:[84, 292, 362, 277]; rot:90
id:56; fname:ROI_0_Psic_403Ev3.pdf_pg-34.png; forig:Psic_403Ev3.pdf_pg-34.jpg; BB:[157, 198, 396, 339]; rot:90
id:57; fname:ROI_0_Psic_326Ev4-r.png; forig:Psic_326Ev4-r.png; BB:[0, 0, 686, 462]; rot:90
id:58; fname:ROI_0_Psic_212Ev1.pdf_pg-9.png; forig:Psic_212Ev1.pdf_pg-9.jpg; BB:[14, 381, 361, 267]; rot:90
id:59; fname:ROI_0_Psic_111Ev4b.pdf_pg-24.png; forig:Psic_111Ev4b.pdf_pg-24.jpg; BB:[149, 174, 339, 379]; rot:0
id:60; fname:ROI_0_Psic_125Ev3.pdf_pg-17.png; forig:Psic_125Ev3.pdf_pg-17.jpg; BB:[57, 258, 430, 361]; rot:90
id:61; fname:ROI_0_Psic_113Ev4.pdf_pg-24.png; forig:Psic_113Ev4.pdf_pg-24.jpg; BB:[131, 117, 343, 359]; rot:0
id:62; fname:ROI_0_Psic_433Ev2.pdf_pg-33.png; forig:Psic_433Ev2.pdf_pg-33.jpg; BB:[90, 245, 419, 253]; rot:90
id:63; fname:ROI_0_Psic_421Ev3.pdf_pg-20.png; forig:Psic_421Ev3.pdf_pg-20.jpg; BB:[79, 357, 422, 293]; rot:90
id:65; fname:ROI_0_Psic_429Ev3.pdf_pg-33.png; forig:Psic_429Ev3.pdf_pg-33.jpg; BB:[70, 183, 369, 439]; rot:0
id:66; fname:ROI_0_Psic_528Ev2.pdf_pg-20.png; forig:Psic_528Ev2.pdf_pg-20.jpg; BB:[158, 213, 368, 303]; rot:-90
id:67; fname:ROI_0_Psic_125Ev6.pdf_pg-25.png; forig:Psic_125Ev6.pdf_pg-25.jpg; BB:[83, 114, 266, 402]; rot:0
id:68; fname:ROI_0_Psic_405Ev2.pdf_pg-1.png; forig:Psic_405Ev2.pdf_pg-1.jpg; BB:[61, 177, 436, 393]; rot:90
id:69; fname:ROI_0_Psic_410Ev1.pdf_pg-34.png; forig:Psic_410Ev1.pdf_pg-34.jpg; BB:[154, 232, 345, 303]; rot:90
id:70; fname:ROI_0_Psic_116Ev3.pdf_pg-20.png; forig:Psic_116Ev3.pdf_pg-20.jpg; BB:[146, 358, 363, 265]; rot:90
id:71; fname:ROI_0_Psic_005Ev2.pdf_pg-16.png; forig:Psic_005Ev2.pdf_pg-16.jpg; BB:[72, 267, 381, 362]; rot:90
id:73; fname:ROI_0_Psic_409Ev2.pdf_pg-6.png; forig:Psic_409Ev2.pdf_pg-6.jpg; BB:[60, 237, 336, 279]; rot:90
id:74; fname:ROI_0_Psic_237Ev2.pdf_pg-22.png; forig:Psic_237Ev2.pdf_pg-22.jpg; BB:[105, 70, 334, 393]; rot:0
id:75; fname:ROI_0_Psic_246Ev4.pdf_pg-28.png; forig:Psic_246Ev4.pdf_pg-28.jpg; BB:[0, 336, 489, 373]; rot:90
id:76; fname:ROI_0_Psic_421Ev4.pdf_pg-24.png; forig:Psic_421Ev4.pdf_pg-24.jpg; BB:[0, 74, 368, 533]; rot:0
id:77; fname:ROI_0_Psic_347Ev4-r.png; forig:Psic_347Ev4-r.png; BB:[40, 54, 468, 659]; rot:0
id:78; fname:ROI_0_Psic_339Ev1-R.png; forig:Psic_339Ev1-R.png; BB:[0, 0, 568, 726]; rot:0
id:79; fname:ROI_0_Psic_406Ev2.pdf_pg-20.png; forig:Psic_406Ev2.pdf_pg-20.jpg; BB:[340, 203, 196, 213]; rot:-90
id:80; fname:ROI_0_Psic_409Ev3.pdf_pg-34.png; forig:Psic_409Ev3.pdf_pg-34.jpg; BB:[11, 133, 330, 340]; rot:180
id:81; fname:ROI_0_Psic_015Ev5.pdf_pg-26.png; forig:Psic_015Ev5.pdf_pg-26.jpg; BB:[200, 89, 390, 302]; rot:-90
id:82; fname:ROI_0_Psic_515Ev2.pdf_pg-22.png; forig:Psic_515Ev2.pdf_pg-22.jpg; BB:[125, 141, 569, 319]; rot:90
id:85; fname:ROI_0_Psic_214Ev5.pdf_pg-24.png; forig:Psic_214Ev5.pdf_pg-24.jpg; BB:[5, 0, 348, 366]; rot:90
id:87; fname:ROI_0_Psic_004Ev2.pdf_pg-18.png; forig:Psic_004Ev2.pdf_pg-18.jpg; BB:[184, 51, 352, 521]; rot:0
id:88; fname:ROI_0_Psic_327Ev2-r.png; forig:Psic_327Ev2-r.png; BB:[19, 18, 355, 442]; rot:90
id:89; fname:ROI_0_Psic_102Ev3.pdf_pg-21.png; forig:Psic_102Ev3.pdf_pg-21.jpg; BB:[156, 128, 282, 422]; rot:0
id:90; fname:ROI_0_Psic_219Ev2.pdf_pg-18.png; forig:Psic_219Ev2.pdf_pg-18.jpg; BB:[64, 42, 259, 336]; rot:180
id:91; fname:ROI_0_Psic_512Ev5.pdf_pg-24.png; forig:Psic_512Ev5.pdf_pg-24.jpg; BB:[83, 2, 324, 417]; rot:0
id:92; fname:ROI_0_Psic_018Ev3.pdf_pg-18.png; forig:Psic_018Ev3.pdf_pg-18.jpg; BB:[54, 266, 360, 254]; rot:90
id:94; fname:ROI_0_Psic_218Ev3.pdf_pg-17.png; forig:Psic_218Ev3.pdf_pg-17.jpg; BB:[62, 174, 490, 333]; rot:90
id:95; fname:ROI_0_Psic_127Ev4.pdf_pg-24.png; forig:Psic_127Ev4.pdf_pg-24.jpg; BB:[117, 185, 492, 401]; rot:90
id:96; fname:ROI_0_Psic_203Ev2.pdf_pg-21.png; forig:Psic_203Ev2.pdf_pg-21.jpg; BB:[179, 190, 409, 264]; rot:-90
id:97; fname:ROI_0_Psic_019Ev2.pdf_pg-21.png; forig:Psic_019Ev2.pdf_pg-21.jpg; BB:[180, 277, 354, 330]; rot:90
id:98; fname:ROI_0_Psic_350Ev1-R.png; forig:Psic_350Ev1-R.png; BB:[0, 0, 683, 519]; rot:90
id:99; fname:ROI_0_Psic_525Ev2-1.pdf_pg-22.png; forig:Psic_525Ev2-1.pdf_pg-22.jpg; BB:[101, 284, 334, 469]; rot:0
id:101; fname:ROI_0_Psic_341Ev1-r.png; forig:Psic_341Ev1-r.png; BB:[8, 0, 382, 468]; rot:0
id:102; fname:ROI_0_Psic_516Ev4.pdf_pg-27.png; forig:Psic_516Ev4.pdf_pg-27.jpg; BB:[85, 221, 376, 364]; rot:0
id:103; fname:ROI_0_Psic_134Ev1.pdf_pg-18.png; forig:Psic_134Ev1.pdf_pg-18.jpg; BB:[23, 298, 456, 565]; rot:0
id:104; fname:ROI_0_Psic_416Ev2.pdf_pg-24.png; forig:Psic_416Ev2.pdf_pg-24.jpg; BB:[164, 210, 420, 292]; rot:90
id:105; fname:ROI_0_Psic_411Ev4.pdf_pg-24.png; forig:Psic_411Ev4.pdf_pg-24.jpg; BB:[156, 332, 237, 325]; rot:0
id:106; fname:ROI_0_Psic_143Ev1.pdf_pg-21.png; forig:Psic_143Ev1.pdf_pg-21.jpg; BB:[11, 257, 507, 308]; rot:90
id:107; fname:ROI_0_Psic_518Ev3.pdf_pg-26.png; forig:Psic_518Ev3.pdf_pg-26.jpg; BB:[57, 244, 334, 416]; rot:0
id:108; fname:ROI_0_Psic_243Ev5.pdf_pg-27.png; forig:Psic_243Ev5.pdf_pg-27.jpg; BB:[48, 149, 414, 543]; rot:0
id:109; fname:ROI_0_Psic_141Ev1.pdf_pg-21.png; forig:Psic_141Ev1.pdf_pg-21.jpg; BB:[0, 374, 422, 324]; rot:90
id:110; fname:ROI_0_Psic_425Ev3.pdf_pg-20.png; forig:Psic_425Ev3.pdf_pg-20.jpg; BB:[7, 12, 518, 450]; rot:90
id:111; fname:ROI_0_Psic_122Ev5.pdf_pg-25.png; forig:Psic_122Ev5.pdf_pg-25.jpg; BB:[50, 161, 426, 488]; rot:0
id:112; fname:ROI_0_Psic_130Ev5.pdf_pg-25.png; forig:Psic_130Ev5.pdf_pg-25.jpg; BB:[152, 286, 270, 302]; rot:0
id:117; fname:ROI_0_Psic_209Ev3.pdf_pg-21.png; forig:Psic_209Ev3.pdf_pg-21.jpg; BB:[0, 278, 394, 481]; rot:0
id:118; fname:ROI_0_Psic_040Ev1.pdf_pg-16.png; forig:Psic_040Ev1.pdf_pg-16.jpg; BB:[28, 195, 415, 350]; rot:90
id:119; fname:ROI_0_Psic_347Ev1-r.png; forig:Psic_347Ev1-r.png; BB:[4, 20, 463, 621]; rot:0
id:120; fname:ROI_0_Psic_223Ev2.pdf_pg-21.png; forig:Psic_223Ev2.pdf_pg-21.jpg; BB:[41, 232, 393, 341]; rot:90
id:121; fname:ROI_0_Psic_305Ev1-r.png; forig:Psic_305Ev1-r.png; BB:[0, 19, 555, 460]; rot:90
id:122; fname:ROI_0_Psic_429Ev1.pdf_pg-21.png; forig:Psic_429Ev1.pdf_pg-21.jpg; BB:[208, 36, 484, 360]; rot:-90
id:123; fname:ROI_0_Psic_225Ev5.pdf_pg-27.png; forig:Psic_225Ev5.pdf_pg-27.jpg; BB:[197, 214, 219, 394]; rot:0
id:124; fname:ROI_0_Psic_310Ev1-r.png; forig:Psic_310Ev1-r.png; BB:[0, 0, 651, 461]; rot:90
id:125; fname:ROI_0_Psic_129Ev5.pdf_pg-26.png; forig:Psic_129Ev5.pdf_pg-26.jpg; BB:[15, 305, 391, 569]; rot:0
id:126; fname:ROI_0_Psic_033Ev5.pdf_pg-33.png; forig:Psic_033Ev5.pdf_pg-33.jpg; BB:[86, 126, 444, 288]; rot:90
id:127; fname:ROI_0_Psic_529Ev3.pdf_pg-23.png; forig:Psic_529Ev3.pdf_pg-23.jpg; BB:[116, 114, 226, 378]; rot:0
id:128; fname:ROI_0_Psic_119Ev5b.pdf_pg-29.png; forig:Psic_119Ev5b.pdf_pg-29.jpg; BB:[233, 242, 256, 334]; rot:0
id:130; fname:ROI_0_Psic_303Ev3-r.png; forig:Psic_303Ev3-r.png; BB:[0, 0, 508, 386]; rot:90
id:131; fname:ROI_0_Psic_309Ev2-r.png; forig:Psic_309Ev2-r.png; BB:[17, 34, 484, 370]; rot:-90
id:132; fname:ROI_0_Psic_523Ev3.pdf_pg-27.png; forig:Psic_523Ev3.pdf_pg-27.jpg; BB:[51, 187, 304, 434]; rot:0
id:133; fname:ROI_0_Psic_437Ev1.pdf_pg-22.png; forig:Psic_437Ev1.pdf_pg-22.jpg; BB:[50, 326, 295, 427]; rot:0
id:134; fname:ROI_0_Psic_408Ev1.pdf_pg-19.png; forig:Psic_408Ev1.pdf_pg-19.jpg; BB:[37, 285, 405, 287]; rot:90
id:135; fname:ROI_0_Psic_306Ev1-r.png; forig:Psic_306Ev1-r.png; BB:[14, 0, 559, 422]; rot:90
id:136; fname:ROI_0_Psic_344Ev2-r.png; forig:Psic_344Ev2-r.png; BB:[0, 0, 479, 766]; rot:0
id:137; fname:ROI_0_Psic_140Ev4.pdf_pg-25.png; forig:Psic_140Ev4.pdf_pg-25.jpg; BB:[95, 247, 140, 264]; rot:0
id:138; fname:ROI_0_Psic_411Ev1.pdf_pg-21.png; forig:Psic_411Ev1.pdf_pg-21.jpg; BB:[162, 217, 397, 309]; rot:90
id:139; fname:ROI_0_Psic_516Ev4.pdf_pg-26.png; forig:Psic_516Ev4.pdf_pg-26.jpg; BB:[90, 197, 331, 448]; rot:0
id:140; fname:ROI_0_Psic_125Ev5.pdf_pg-28.png; forig:Psic_125Ev5.pdf_pg-28.jpg; BB:[309, 112, 401, 293]; rot:-90
id:141; fname:ROI_0_Psic_035Ev1.pdf_pg-18.png; forig:Psic_035Ev1.pdf_pg-18.jpg; BB:[201, 327, 364, 287]; rot:-90
id:142; fname:ROI_0_Psic_225Ev3.pdf_pg-18.png; forig:Psic_225Ev3.pdf_pg-18.jpg; BB:[83, 197, 427, 236]; rot:90
id:143; fname:ROI_0_Psic_112Ev4.pdf_pg-25.png; forig:Psic_112Ev4.pdf_pg-25.jpg; BB:[9, 258, 328, 366]; rot:0
id:144; fname:ROI_0_Psic_135Ev4.pdf_pg-24.png; forig:Psic_135Ev4.pdf_pg-24.jpg; BB:[108, 279, 286, 256]; rot:0
id:145; fname:ROI_0_Psic_422Ev1.pdf_pg-17.png; forig:Psic_422Ev1.pdf_pg-17.jpg; BB:[173, 198, 414, 326]; rot:90
id:146; fname:ROI_0_Psic_522Ev1.pdf_pg-23.png; forig:Psic_522Ev1.pdf_pg-23.jpg; BB:[151, 294, 308, 344]; rot:0
id:147; fname:ROI_0_Psic_112Ev2.pdf_pg-21.png; forig:Psic_112Ev2.pdf_pg-21.jpg; BB:[141, 262, 389, 254]; rot:90
id:148; fname:ROI_0_Psic_235Ev1.pdf_pg-9.png; forig:Psic_235Ev1.pdf_pg-9.jpg; BB:[113, 336, 332, 303]; rot:90
id:149; fname:ROI_0_Psic_108Ev1.pdf_pg-6.png; forig:Psic_108Ev1.pdf_pg-6.jpg; BB:[131, 208, 285, 264]; rot:90
id:150; fname:ROI_0_Psic_333Ev2-r.png; forig:Psic_333Ev2-r.png; BB:[1, 16, 562, 527]; rot:90
id:151; fname:ROI_0_Psic_303Ev1-r.png; forig:Psic_303Ev1-r.png; BB:[0, 0, 483, 437]; rot:90
id:152; fname:ROI_0_Psic_111Ev4.pdf_pg-14.png; forig:Psic_111Ev4.pdf_pg-14.jpg; BB:[146, 239, 405, 270]; rot:90
id:153; fname:ROI_0_Psic_119Ev2.pdf_pg-21.png; forig:Psic_119Ev2.pdf_pg-21.jpg; BB:[0, 379, 353, 264]; rot:90
id:154; fname:ROI_0_Psic_220Ev3.pdf_pg-19.png; forig:Psic_220Ev3.pdf_pg-19.jpg; BB:[66, 83, 338, 508]; rot:0
id:155; fname:ROI_0_Psic_513Ev4.pdf_pg-29.png; forig:Psic_513Ev4.pdf_pg-29.jpg; BB:[28, 47, 504, 545]; rot:0
id:156; fname:ROI_0_Psic_517Ev3.pdf_pg-24.png; forig:Psic_517Ev3.pdf_pg-24.jpg; BB:[42, 127, 389, 473]; rot:0
id:157; fname:ROI_0_Psic_416Ev4.pdf_pg-21.png; forig:Psic_416Ev4.pdf_pg-21.jpg; BB:[70, 37, 275, 232]; rot:90
id:159; fname:ROI_0_Psic_142Ev1.pdf_pg-21.png; forig:Psic_142Ev1.pdf_pg-21.jpg; BB:[211, 135, 309, 224]; rot:-90
id:160; fname:ROI_0_Psic_037Ev4.pdf_pg-20.png; forig:Psic_037Ev4.pdf_pg-20.jpg; BB:[72, 311, 384, 284]; rot:90
id:161; fname:ROI_0_Psic_505Ev3.pdf_pg-22.png; forig:Psic_505Ev3.pdf_pg-22.jpg; BB:[55, 228, 443, 546]; rot:180
id:162; fname:ROI_0_Psic_506Ev1.pdf_pg-23.png; forig:Psic_506Ev1.pdf_pg-23.jpg; BB:[155, 254, 393, 236]; rot:90
id:163; fname:ROI_0_Psic_133Ev2.pdf_pg-18.png; forig:Psic_133Ev2.pdf_pg-18.jpg; BB:[97, 168, 478, 346]; rot:90
id:165; fname:ROI_0_Psic_524Ev2.pdf_pg-24.png; forig:Psic_524Ev2.pdf_pg-24.jpg; BB:[42, 293, 420, 292]; rot:90
id:166; fname:ROI_0_Psic_247Ev2.pdf_pg-17.png; forig:Psic_247Ev2.pdf_pg-17.jpg; BB:[88, 55, 301, 424]; rot:0
id:167; fname:ROI_0_Psic_029Ev4.pdf_pg-26.png; forig:Psic_029Ev4.pdf_pg-26.jpg; BB:[281, 234, 328, 247]; rot:-90
id:168; fname:ROI_0_Psic_316Ev2-R.png; forig:Psic_316Ev2-R.png; BB:[5, 0, 632, 549]; rot:90
id:169; fname:ROI_0_Psic_217Ev1.pdf_pg-4.png; forig:Psic_217Ev1.pdf_pg-4.jpg; BB:[195, 427, 323, 282]; rot:90
id:170; fname:ROI_0_Psic_409Ev4.pdf_pg-20.png; forig:Psic_409Ev4.pdf_pg-20.jpg; BB:[116, 398, 407, 369]; rot:90
id:171; fname:ROI_0_Psic_335Ev2-r.png; forig:Psic_335Ev2-r.png; BB:[0, 0, 642, 526]; rot:90
id:172; fname:ROI_0_Psic_239Ev2.pdf_pg-31.png; forig:Psic_239Ev2.pdf_pg-31.jpg; BB:[171, 397, 223, 311]; rot:0
id:173; fname:ROI_0_Psic_132Ev5.pdf_pg-25.png; forig:Psic_132Ev5.pdf_pg-25.jpg; BB:[28, 299, 259, 327]; rot:0
id:174; fname:ROI_0_Psic_109Ev4.pdf_pg-30.png; forig:Psic_109Ev4.pdf_pg-30.jpg; BB:[145, 171, 403, 325]; rot:-90
id:176; fname:ROI_0_Psic_103Ev2.pdf_pg-21.png; forig:Psic_103Ev2.pdf_pg-21.jpg; BB:[113, 238, 424, 352]; rot:90
id:177; fname:ROI_0_Psic_414Ev4.pdf_pg-26.png; forig:Psic_414Ev4.pdf_pg-26.jpg; BB:[182, 461, 344, 340]; rot:180
id:178; fname:ROI_0_Psic_428Ev5.pdf_pg-27.png; forig:Psic_428Ev5.pdf_pg-27.jpg; BB:[139, 65, 330, 391]; rot:0
id:179; fname:ROI_0_Psic_029Ev5.pdf_pg-26.png; forig:Psic_029Ev5.pdf_pg-26.jpg; BB:[21, 266, 384, 326]; rot:90
id:180; fname:ROI_0_Psic_418Ev5.pdf_pg-22.png; forig:Psic_418Ev5.pdf_pg-22.jpg; BB:[70, 88, 300, 354]; rot:0
id:181; fname:ROI_0_Psic_345Ev1-R.png; forig:Psic_345Ev1-R.png; BB:[10, 29, 598, 639]; rot:0
id:182; fname:ROI_0_Psic_437Ev2.pdf_pg-23.png; forig:Psic_437Ev2.pdf_pg-23.jpg; BB:[129, 312, 256, 372]; rot:0
id:183; fname:ROI_0_Psic_428Ev2.pdf_pg-20.png; forig:Psic_428Ev2.pdf_pg-20.jpg; BB:[72, 235, 434, 323]; rot:90
id:184; fname:ROI_0_Psic_202Ev5.pdf_pg-28.png; forig:Psic_202Ev5.pdf_pg-28.jpg; BB:[84, 187, 338, 401]; rot:0
id:186; fname:ROI_0_Psic_424Ev5.pdf_pg-31.png; forig:Psic_424Ev5.pdf_pg-31.jpg; BB:[122, 186, 461, 330]; rot:90
id:187; fname:ROI_0_Psic_005Ev5.pdf_pg-26.png; forig:Psic_005Ev5.pdf_pg-26.jpg; BB:[35, 173, 412, 306]; rot:90
id:188; fname:ROI_0_Psic_444Ev1.pdf_pg-22.png; forig:Psic_444Ev1.pdf_pg-22.jpg; BB:[78, 397, 387, 492]; rot:0
id:191; fname:ROI_0_Psic_115Ev4.pdf_pg-25.png; forig:Psic_115Ev4.pdf_pg-25.jpg; BB:[53, 439, 336, 249]; rot:90
id:192; fname:ROI_0_Psic_108Ev3.pdf_pg-21.png; forig:Psic_108Ev3.pdf_pg-21.jpg; BB:[134, 33, 303, 450]; rot:0
id:193; fname:ROI_0_Psic_241Ev5.pdf_pg-26.png; forig:Psic_241Ev5.pdf_pg-26.jpg; BB:[63, 58, 308, 510]; rot:0
id:195; fname:ROI_0_Psic_218Ev2.pdf_pg-21.png; forig:Psic_218Ev2.pdf_pg-21.jpg; BB:[2, 0, 509, 592]; rot:90
id:196; fname:ROI_0_Psic_030Ev3.pdf_pg-17.png; forig:Psic_030Ev3.pdf_pg-17.jpg; BB:[136, 151, 485, 371]; rot:90
id:197; fname:ROI_0_Psic_528Ev3.pdf_pg-25.png; forig:Psic_528Ev3.pdf_pg-25.jpg; BB:[19, 168, 257, 377]; rot:0
id:198; fname:ROI_0_Psic_037Ev3.pdf_pg-20.png; forig:Psic_037Ev3.pdf_pg-20.jpg; BB:[221, 340, 287, 250]; rot:-90
id:199; fname:ROI_0_Psic_129Ev2.pdf_pg-21.png; forig:Psic_129Ev2.pdf_pg-21.jpg; BB:[124, 183, 513, 364]; rot:90
id:200; fname:ROI_0_Psic_426Ev1.pdf_pg-17.png; forig:Psic_426Ev1.pdf_pg-17.jpg; BB:[138, 161, 468, 349]; rot:90
id:201; fname:ROI_0_Psic_433Ev4.pdf_pg-32.png; forig:Psic_433Ev4.pdf_pg-32.jpg; BB:[147, 259, 369, 252]; rot:90
id:202; fname:ROI_0_Psic_233Ev5.pdf_pg-18.png; forig:Psic_233Ev5.pdf_pg-18.jpg; BB:[55, 105, 339, 400]; rot:0
id:203; fname:ROI_0_Psic_438Ev1.pdf_pg-22.png; forig:Psic_438Ev1.pdf_pg-22.jpg; BB:[80, 231, 253, 403]; rot:0
id:204; fname:ROI_0_Psic_215Ev4.pdf_pg-26.png; forig:Psic_215Ev4.pdf_pg-26.jpg; BB:[154, 421, 236, 236]; rot:90
id:205; fname:ROI_0_Psic_333Ev3-r.png; forig:Psic_333Ev3-r.png; BB:[0, 0, 377, 630]; rot:0
id:206; fname:ROI_0_Psic_023Ev4.pdf_pg-24.png; forig:Psic_023Ev4.pdf_pg-24.jpg; BB:[222, 41, 437, 312]; rot:-90
id:207; fname:ROI_0_Psic_116Ev5.pdf_pg-26.png; forig:Psic_116Ev5.pdf_pg-26.jpg; BB:[52, 315, 260, 376]; rot:0
id:208; fname:ROI_0_Psic_031Ev2.pdf_pg-20.png; forig:Psic_031Ev2.pdf_pg-20.jpg; BB:[105, 351, 442, 352]; rot:90
id:210; fname:ROI_0_Psic_209Ev1.pdf_pg-20.png; forig:Psic_209Ev1.pdf_pg-20.jpg; BB:[57, 254, 470, 535]; rot:90
id:211; fname:ROI_0_Psic_515Ev1.pdf_pg-22.png; forig:Psic_515Ev1.pdf_pg-22.jpg; BB:[3, 274, 477, 363]; rot:90
id:212; fname:ROI_0_Psic_221Ev3.pdf_pg-16.png; forig:Psic_221Ev3.pdf_pg-16.jpg; BB:[162, 199, 240, 327]; rot:180
id:213; fname:ROI_0_Psic_211Ev5.pdf_pg-6.png; forig:Psic_211Ev5.pdf_pg-6.jpg; BB:[128, 193, 505, 331]; rot:-90
id:214; fname:ROI_0_Psic_420Ev2.pdf_pg-34.png; forig:Psic_420Ev2.pdf_pg-34.jpg; BB:[88, 310, 307, 439]; rot:0
id:215; fname:ROI_0_Psic_348Ev1-r.png; forig:Psic_348Ev1-r.png; BB:[0, 20, 581, 775]; rot:180
id:216; fname:ROI_0_Psic_335Ev1-r.png; forig:Psic_335Ev1-r.png; BB:[0, 27, 400, 571]; rot:0
id:217; fname:ROI_0_Psic_526Ev4.pdf_pg-31.png; forig:Psic_526Ev4.pdf_pg-31.jpg; BB:[69, 76, 330, 459]; rot:0
id:218; fname:ROI_0_Psic_329Ev2-R.png; forig:Psic_329Ev2-R.png; BB:[0, 0, 715, 539]; rot:90
id:219; fname:ROI_0_Psic_520Ev1.pdf_pg-31.png; forig:Psic_520Ev1.pdf_pg-31.jpg; BB:[73, 397, 290, 407]; rot:180
id:220; fname:ROI_0_Psic_103Ev5.pdf_pg-27.png; forig:Psic_103Ev5.pdf_pg-27.jpg; BB:[83, 273, 290, 385]; rot:0
id:221; fname:ROI_0_Psic_015Ev5.pdf_pg-27.png; forig:Psic_015Ev5.pdf_pg-27.jpg; BB:[64, 204, 322, 478]; rot:0
id:222; fname:ROI_0_Psic_343Ev1-R.png; forig:Psic_343Ev1-R.png; BB:[0, 31, 401, 598]; rot:0
id:223; fname:ROI_0_Psic_414Ev1.pdf_pg-20.png; forig:Psic_414Ev1.pdf_pg-20.jpg; BB:[168, 59, 262, 336]; rot:180
id:224; fname:ROI_0_Psic_110Ev4.pdf_pg-21.png; forig:Psic_110Ev4.pdf_pg-21.jpg; BB:[113, 320, 392, 298]; rot:90
id:226; fname:ROI_0_Psic_518Ev3.pdf_pg-25.png; forig:Psic_518Ev3.pdf_pg-25.jpg; BB:[121, 114, 578, 383]; rot:90
id:227; fname:ROI_0_Psic_314Ev5-r.png; forig:Psic_314Ev5-r.png; BB:[6, 37, 422, 593]; rot:0
id:229; fname:ROI_0_Psic_527Ev1-1.pdf_pg-19.png; forig:Psic_527Ev1-1.pdf_pg-19.jpg; BB:[232, 121, 410, 325]; rot:-90
id:230; fname:ROI_0_Psic_110Ev3.pdf_pg-20.png; forig:Psic_110Ev3.pdf_pg-20.jpg; BB:[97, 149, 485, 283]; rot:90
id:231; fname:ROI_0_Psic_013Ev1.pdf_pg-24.png; forig:Psic_013Ev1.pdf_pg-24.jpg; BB:[68, 317, 369, 310]; rot:90
id:232; fname:ROI_0_Psic_213Ev5.pdf_pg-38.png; forig:Psic_213Ev5.pdf_pg-38.jpg; BB:[272, 192, 396, 179]; rot:-90
id:233; fname:ROI_0_Psic_510Ev2.pdf_pg-19.png; forig:Psic_510Ev2.pdf_pg-19.jpg; BB:[74, 293, 381, 378]; rot:90
id:234; fname:ROI_0_Psic_030Ev2.pdf_pg-20.png; forig:Psic_030Ev2.pdf_pg-20.jpg; BB:[48, 85, 549, 434]; rot:90
id:235; fname:ROI_0_Psic_240Ev1.pdf_pg-40.png; forig:Psic_240Ev1.pdf_pg-40.jpg; BB:[137, 334, 343, 227]; rot:90
id:236; fname:ROI_0_Psic_206Ev1.pdf_pg-13.png; forig:Psic_206Ev1.pdf_pg-13.jpg; BB:[116, 130, 391, 251]; rot:90
id:237; fname:ROI_0_Psic_121Ev1.pdf_pg-21.png; forig:Psic_121Ev1.pdf_pg-21.jpg; BB:[91, 41, 383, 316]; rot:90
id:238; fname:ROI_0_Psic_312Ev2-r.png; forig:Psic_312Ev2-r.png; BB:[4, 0, 640, 527]; rot:90
id:239; fname:ROI_0_Psic_319Ev1-r.png; forig:Psic_319Ev1-r.png; BB:[28, 0, 514, 595]; rot:180
id:240; fname:ROI_0_Psic_042Ev1.pdf_pg-18.png; forig:Psic_042Ev1.pdf_pg-18.jpg; BB:[192, 239, 446, 308]; rot:-90
id:242; fname:ROI_0_Psic_244Ev1.pdf_pg-28.png; forig:Psic_244Ev1.pdf_pg-28.jpg; BB:[29, 287, 299, 452]; rot:0
id:243; fname:ROI_0_Psic_435Ev1.pdf_pg-22.png; forig:Psic_435Ev1.pdf_pg-22.jpg; BB:[92, 62, 279, 401]; rot:0
id:244; fname:ROI_0_Psic_529Ev2.pdf_pg-22.png; forig:Psic_529Ev2.pdf_pg-22.jpg; BB:[52, 367, 403, 313]; rot:90
id:245; fname:ROI_0_Psic_135Ev1.pdf_pg-18.png; forig:Psic_135Ev1.pdf_pg-18.jpg; BB:[38, 263, 388, 461]; rot:0
id:246; fname:ROI_0_Psic_227EV1.pdf_pg-9.png; forig:Psic_227EV1.pdf_pg-9.jpg; BB:[98, 86, 533, 379]; rot:180
id:249; fname:ROI_0_Psic_220Ev4.pdf_pg-62.png; forig:Psic_220Ev4.pdf_pg-62.jpg; BB:[112, 81, 335, 403]; rot:0
id:251; fname:ROI_0_Psic_326Ev5-r.png; forig:Psic_326Ev5-r.png; BB:[0, 0, 460, 575]; rot:0
id:252; fname:ROI_0_Psic_338Ev1-R.png; forig:Psic_338Ev1-R.png; BB:[0, 36, 539, 693]; rot:0
id:253; fname:ROI_0_Psic_515Ev3-1.pdf_pg-18.png; forig:Psic_515Ev3-1.pdf_pg-18.jpg; BB:[91, 22, 445, 514]; rot:0
id:254; fname:ROI_0_Psic_317Ev5-r.png; forig:Psic_317Ev5-r.png; BB:[4, 18, 472, 464]; rot:0
id:255; fname:ROI_0_Psic_218Ev4.pdf_pg-25.png; forig:Psic_218Ev4.pdf_pg-25.jpg; BB:[117, 328, 331, 263]; rot:90
id:256; fname:ROI_0_Psic_238Ev2.pdf_pg-26.png; forig:Psic_238Ev2.pdf_pg-26.jpg; BB:[79, 344, 332, 301]; rot:0
id:257; fname:ROI_0_Psic_110Ev2.pdf_pg-21.png; forig:Psic_110Ev2.pdf_pg-21.jpg; BB:[78, 179, 457, 327]; rot:90
id:258; fname:ROI_0_Psic_535Ev1.pdf_pg-22.png; forig:Psic_535Ev1.pdf_pg-22.jpg; BB:[223, 84, 368, 242]; rot:-90
id:259; fname:ROI_0_Psic_407Ev2.pdf_pg-19.png; forig:Psic_407Ev2.pdf_pg-19.jpg; BB:[107, 398, 295, 376]; rot:180
id:261; fname:ROI_0_Psic_031Ev3.pdf_pg-17.png; forig:Psic_031Ev3.pdf_pg-17.jpg; BB:[72, 249, 536, 365]; rot:90
id:262; fname:ROI_0_Psic_238Ev3.pdf_pg-17.png; forig:Psic_238Ev3.pdf_pg-17.jpg; BB:[47, 330, 337, 215]; rot:90
id:263; fname:ROI_0_Psic_008Ev4.pdf_pg-53.png; forig:Psic_008Ev4.pdf_pg-53.jpg; BB:[136, 137, 543, 466]; rot:90
id:264; fname:ROI_0_Psic_141Ev5.pdf_pg-27.png; forig:Psic_141Ev5.pdf_pg-27.jpg; BB:[39, 206, 366, 405]; rot:0
id:265; fname:ROI_0_Psic_214Ev3.pdf_pg-20.png; forig:Psic_214Ev3.pdf_pg-20.jpg; BB:[38, 411, 302, 261]; rot:0
id:267; fname:ROI_0_Psic_137Ev3.pdf_pg-20.png; forig:Psic_137Ev3.pdf_pg-20.jpg; BB:[114, 228, 404, 285]; rot:90
id:268; fname:ROI_0_Psic_130Ev5.pdf_pg-24.png; forig:Psic_130Ev5.pdf_pg-24.jpg; BB:[83, 219, 389, 342]; rot:90
id:269; fname:ROI_0_Psic_429Ev4.pdf_pg-28.png; forig:Psic_429Ev4.pdf_pg-28.jpg; BB:[124, 206, 505, 384]; rot:90
id:270; fname:ROI_0_Psic_505Ev2.pdf_pg-25.png; forig:Psic_505Ev2.pdf_pg-25.jpg; BB:[66, 62, 653, 426]; rot:-90
id:272; fname:ROI_0_Psic_513Ev4.pdf_pg-30.png; forig:Psic_513Ev4.pdf_pg-30.jpg; BB:[48, 170, 489, 559]; rot:0
id:273; fname:ROI_0_Psic_214Ev1.pdf_pg-4.png; forig:Psic_214Ev1.pdf_pg-4.jpg; BB:[0, 399, 271, 593]; rot:180
id:274; fname:ROI_0_Psic_320Ev1-r.png; forig:Psic_320Ev1-r.png; BB:[18, 17, 868, 1093]; rot:0
id:276; fname:ROI_0_Psic_131Ev5.pdf_pg-25.png; forig:Psic_131Ev5.pdf_pg-25.jpg; BB:[0, 185, 289, 354]; rot:0
id:277; fname:ROI_0_Psic_237Ev5.pdf_pg-26.png; forig:Psic_237Ev5.pdf_pg-26.jpg; BB:[85, 262, 378, 326]; rot:90
id:278; fname:ROI_0_Psic_130Ev2.pdf_pg-18.png; forig:Psic_130Ev2.pdf_pg-18.jpg; BB:[83, 197, 334, 248]; rot:90
id:279; fname:ROI_0_Psic_324Ev4-r.png; forig:Psic_324Ev4-r.png; BB:[0, 0, 577, 496]; rot:90
id:280; fname:ROI_0_Psic_241Ev4.pdf_pg-24.png; forig:Psic_241Ev4.pdf_pg-24.jpg; BB:[99, 77, 347, 437]; rot:0
id:281; fname:ROI_0_Psic_206Ev5.pdf_pg-27.png; forig:Psic_206Ev5.pdf_pg-27.jpg; BB:[163, 262, 267, 275]; rot:-90
id:282; fname:ROI_0_Psic_037Ev2.pdf_pg-20.png; forig:Psic_037Ev2.pdf_pg-20.jpg; BB:[162, 157, 455, 263]; rot:-90
id:283; fname:ROI_0_Psic_119Ev4a.pdf_pg-21.png; forig:Psic_119Ev4a.pdf_pg-21.jpg; BB:[49, 246, 290, 274]; rot:90
id:285; fname:ROI_0_Psic_115Ev4.pdf_pg-26.png; forig:Psic_115Ev4.pdf_pg-26.jpg; BB:[51, 246, 254, 295]; rot:0
id:286; fname:ROI_0_Psic_116Ev2.pdf_pg-23.png; forig:Psic_116Ev2.pdf_pg-23.jpg; BB:[52, 271, 401, 322]; rot:90
id:288; fname:ROI_0_Psic_030Ev5.pdf_pg-27.png; forig:Psic_030Ev5.pdf_pg-27.jpg; BB:[111, 317, 313, 423]; rot:0
id:289; fname:ROI_0_Psic_102Ev2.pdf_pg-21.png; forig:Psic_102Ev2.pdf_pg-21.jpg; BB:[34, 178, 245, 435]; rot:0
id:290; fname:ROI_0_Psic_008Ev5.pdf_pg-28.png; forig:Psic_008Ev5.pdf_pg-28.jpg; BB:[95, 26, 486, 310]; rot:90
id:291; fname:ROI_0_Psic_140Ev2.pdf_pg-18.png; forig:Psic_140Ev2.pdf_pg-18.jpg; BB:[68, 254, 421, 208]; rot:90
id:292; fname:ROI_0_Psic_306Ev2-r.png; forig:Psic_306Ev2-r.png; BB:[4, 53, 426, 363]; rot:90
id:293; fname:ROI_0_Psic_247Ev1.pdf_pg-35.png; forig:Psic_247Ev1.pdf_pg-35.jpg; BB:[118, 397, 290, 337]; rot:0
id:294; fname:ROI_0_Psic_031Ev1.pdf_pg-18.png; forig:Psic_031Ev1.pdf_pg-18.jpg; BB:[223, 10, 436, 325]; rot:-90
id:295; fname:ROI_0_Psic_205Ev1.pdf_pg-34.png; forig:Psic_205Ev1.pdf_pg-34.jpg; BB:[121, 34, 455, 233]; rot:90
id:296; fname:ROI_0_Psic_206Ev5.pdf_pg-26.png; forig:Psic_206Ev5.pdf_pg-26.jpg; BB:[161, 311, 414, 301]; rot:-90
id:298; fname:ROI_0_Psic_246Ev4.pdf_pg-38.png; forig:Psic_246Ev4.pdf_pg-38.jpg; BB:[177, 80, 472, 355]; rot:-90
id:299; fname:ROI_0_Psic_104Ev3.pdf_pg-22.png; forig:Psic_104Ev3.pdf_pg-22.jpg; BB:[109, 112, 292, 342]; rot:0
id:300; fname:ROI_0_Psic_135Ev2.pdf_pg-17.png; forig:Psic_135Ev2.pdf_pg-17.jpg; BB:[161, 156, 509, 318]; rot:90
id:301; fname:ROI_0_Psic_125Ev5.pdf_pg-29.png; forig:Psic_125Ev5.pdf_pg-29.jpg; BB:[35, 304, 296, 245]; rot:90
id:302; fname:ROI_0_Psic_419Ev1.pdf_pg-35.png; forig:Psic_419Ev1.pdf_pg-35.jpg; BB:[143, 105, 541, 332]; rot:90
id:303; fname:ROI_0_Psic_104Ev1.pdf_pg-23.png; forig:Psic_104Ev1.pdf_pg-23.jpg; BB:[97, 187, 371, 281]; rot:90
id:304; fname:ROI_0_Psic_106Ev1.pdf_pg-9.png; forig:Psic_106Ev1.pdf_pg-9.jpg; BB:[115, 194, 350, 253]; rot:90
id:306; fname:ROI_0_Psic_530Ev1.pdf_pg-22.png; forig:Psic_530Ev1.pdf_pg-22.jpg; BB:[194, 164, 484, 312]; rot:-90
id:307; fname:ROI_0_Psic_215Ev4.pdf_pg-24.png; forig:Psic_215Ev4.pdf_pg-24.jpg; BB:[186, 619, 119, 168]; rot:90
id:308; fname:ROI_0_Psic_237Ev3.pdf_pg-17.png; forig:Psic_237Ev3.pdf_pg-17.jpg; BB:[129, 118, 342, 353]; rot:0
id:310; fname:ROI_0_Psic_241Ev3.pdf_pg-17.png; forig:Psic_241Ev3.pdf_pg-17.jpg; BB:[14, 210, 434, 263]; rot:90
id:311; fname:ROI_0_Psic_029Ev1.pdf_pg-17.png; forig:Psic_029Ev1.pdf_pg-17.jpg; BB:[261, 103, 317, 261]; rot:-90
id:312; fname:ROI_0_Psic_140Ev4.pdf_pg-24.png; forig:Psic_140Ev4.pdf_pg-24.jpg; BB:[178, 311, 366, 184]; rot:90
id:313; fname:ROI_0_Psic_517Ev1.pdf_pg-29.png; forig:Psic_517Ev1.pdf_pg-29.jpg; BB:[76, 236, 392, 327]; rot:90
id:314; fname:ROI_0_Psic_509Ev1.pdf_pg-21.png; forig:Psic_509Ev1.pdf_pg-21.jpg; BB:[128, 294, 360, 304]; rot:90
id:315; fname:ROI_0_Psic_526Ev3.pdf_pg-20.png; forig:Psic_526Ev3.pdf_pg-20.jpg; BB:[70, 203, 307, 353]; rot:0
id:316; fname:ROI_0_Psic_236Ev1.pdf_pg-35.png; forig:Psic_236Ev1.pdf_pg-35.jpg; BB:[81, 324, 296, 365]; rot:0
id:317; fname:ROI_0_Psic_108Ev2.pdf_pg-19.png; forig:Psic_108Ev2.pdf_pg-19.jpg; BB:[117, 135, 329, 425]; rot:0
id:318; fname:ROI_0_Psic_007Ev3.pdf_pg-19.png; forig:Psic_007Ev3.pdf_pg-19.jpg; BB:[84, 423, 307, 386]; rot:90
id:319; fname:ROI_0_Psic_247Ev3.pdf_pg-17.png; forig:Psic_247Ev3.pdf_pg-17.jpg; BB:[141, 322, 431, 331]; rot:90
id:320; fname:ROI_0_Psic_023Ev4.pdf_pg-26.png; forig:Psic_023Ev4.pdf_pg-26.jpg; BB:[64, 239, 369, 382]; rot:0
id:321; fname:ROI_0_Psic_418Ev2.pdf_pg-19.png; forig:Psic_418Ev2.pdf_pg-19.jpg; BB:[131, 119, 484, 403]; rot:-90
id:322; fname:ROI_0_Psic_501Ev4.pdf_pg-26.png; forig:Psic_501Ev4.pdf_pg-26.jpg; BB:[93, 307, 344, 415]; rot:0
id:323; fname:ROI_0_Psic_418Ev4.pdf_pg-25.png; forig:Psic_418Ev4.pdf_pg-25.jpg; BB:[98, 236, 391, 385]; rot:90
id:324; fname:ROI_0_Psic_401Ev2.pdf_pg-39.png; forig:Psic_401Ev2.pdf_pg-39.jpg; BB:[160, 262, 433, 322]; rot:90
id:325; fname:ROI_0_Psic_505Ev1.pdf_pg-21.png; forig:Psic_505Ev1.pdf_pg-21.jpg; BB:[241, 311, 358, 276]; rot:90
id:327; fname:ROI_0_Psic_432Ev2.pdf_pg-32.png; forig:Psic_432Ev2.pdf_pg-32.jpg; BB:[124, 409, 275, 384]; rot:0
id:328; fname:ROI_0_Psic_522Ev3.pdf_pg-29.png; forig:Psic_522Ev3.pdf_pg-29.jpg; BB:[68, 112, 303, 286]; rot:0
id:329; fname:ROI_0_Psic_238Ev1.pdf_pg-24.png; forig:Psic_238Ev1.pdf_pg-24.jpg; BB:[45, 330, 327, 225]; rot:90
id:330; fname:ROI_0_Psic_003Ev2.pdf_pg-20.png; forig:Psic_003Ev2.pdf_pg-20.jpg; BB:[71, 353, 299, 364]; rot:180
id:331; fname:ROI_0_Psic_104Ev2.pdf_pg-20.png; forig:Psic_104Ev2.pdf_pg-20.jpg; BB:[91, 219, 455, 312]; rot:90
id:332; fname:ROI_0_Psic_019Ev5.pdf_pg-24.png; forig:Psic_019Ev5.pdf_pg-24.jpg; BB:[101, 140, 380, 377]; rot:-90
id:333; fname:ROI_0_Psic_022Ev2.pdf_pg-29.png; forig:Psic_022Ev2.pdf_pg-29.jpg; BB:[130, 422, 380, 274]; rot:90
id:334; fname:ROI_0_Psic_116Ev1.pdf_pg-6.png; forig:Psic_116Ev1.pdf_pg-6.jpg; BB:[132, 324, 386, 312]; rot:90
id:335; fname:ROI_0_Psic_020Ev1.pdf_pg-7.png; forig:Psic_020Ev1.pdf_pg-7.jpg; BB:[112, 195, 516, 372]; rot:90
id:336; fname:ROI_0_Psic_525Ev1.pdf_pg-23.png; forig:Psic_525Ev1.pdf_pg-23.jpg; BB:[52, 298, 354, 420]; rot:0
id:337; fname:ROI_0_Psic_219Ev3.pdf_pg-17.png; forig:Psic_219Ev3.pdf_pg-17.jpg; BB:[86, 40, 284, 347]; rot:0
id:338; fname:ROI_0_Psic_007Ev2.pdf_pg-17.png; forig:Psic_007Ev2.pdf_pg-17.jpg; BB:[29, 204, 466, 411]; rot:90
id:339; fname:ROI_0_Psic_033Ev3.pdf_pg-17.png; forig:Psic_033Ev3.pdf_pg-17.jpg; BB:[151, 153, 301, 238]; rot:-90
id:340; fname:ROI_0_Psic_018Ev4.pdf_pg-24.png; forig:Psic_018Ev4.pdf_pg-24.jpg; BB:[123, 285, 154, 118]; rot:0
id:341; fname:ROI_0_Psic_118Ev5.pdf_pg-26.png; forig:Psic_118Ev5.pdf_pg-26.jpg; BB:[163, 235, 437, 291]; rot:0
id:342; fname:ROI_0_Psic_213Ev1.pdf_pg-26.png; forig:Psic_213Ev1.pdf_pg-26.jpg; BB:[32, 307, 351, 270]; rot:90
id:343; fname:ROI_0_Psic_008Ev1.pdf_pg-28.png; forig:Psic_008Ev1.pdf_pg-28.jpg; BB:[123, 100, 405, 479]; rot:0
id:344; fname:ROI_0_Psic_435Ev2.pdf_pg-22.png; forig:Psic_435Ev2.pdf_pg-22.jpg; BB:[111, 185, 289, 402]; rot:0
id:345; fname:ROI_0_Psic_206Ev6.pdf_pg-32.png; forig:Psic_206Ev6.pdf_pg-32.jpg; BB:[247, 268, 355, 234]; rot:-90
id:346; fname:ROI_0_Psic_332Ev1-r.png; forig:Psic_332Ev1-r.png; BB:[13, 27, 558, 424]; rot:90
id:347; fname:ROI_0_Psic_111Ev2.pdf_pg-20.png; forig:Psic_111Ev2.pdf_pg-20.jpg; BB:[141, 108, 499, 344]; rot:90
id:348; fname:ROI_0_Psic_030Ev4.pdf_pg-26.png; forig:Psic_030Ev4.pdf_pg-26.jpg; BB:[158, 256, 299, 420]; rot:0
id:349; fname:ROI_0_Psic_102Ev4.pdf_pg-24.png; forig:Psic_102Ev4.pdf_pg-24.jpg; BB:[59, 0, 218, 516]; rot:0
id:350; fname:ROI_0_Psic_132Ev1.pdf_pg-18.png; forig:Psic_132Ev1.pdf_pg-18.jpg; BB:[103, 63, 248, 369]; rot:0
id:351; fname:ROI_0_Psic_534Ev1.pdf_pg-22.png; forig:Psic_534Ev1.pdf_pg-22.jpg; BB:[123, 303, 361, 287]; rot:90
id:352; fname:ROI_0_Psic_246Ev1.pdf_pg-36.png; forig:Psic_246Ev1.pdf_pg-36.jpg; BB:[85, 208, 247, 343]; rot:0
id:353; fname:ROI_0_Psic_314Ev1-r.png; forig:Psic_314Ev1-r.png; BB:[0, 8, 442, 729]; rot:0
id:354; fname:ROI_0_Psic_329Ev1-R.png; forig:Psic_329Ev1-R.png; BB:[0, 0, 644, 514]; rot:90
id:355; fname:ROI_0_Psic_140Ev1.pdf_pg-21.png; forig:Psic_140Ev1.pdf_pg-21.jpg; BB:[204, 375, 247, 352]; rot:180
id:356; fname:ROI_0_Psic_034Ev1.pdf_pg-18.png; forig:Psic_034Ev1.pdf_pg-18.jpg; BB:[221, 308, 392, 280]; rot:-90
id:357; fname:ROI_0_Psic_022Ev1.pdf_pg-18.png; forig:Psic_022Ev1.pdf_pg-18.jpg; BB:[179, 444, 266, 330]; rot:180
id:358; fname:ROI_0_Psic_122Ev3.pdf_pg-17.png; forig:Psic_122Ev3.pdf_pg-17.jpg; BB:[10, 199, 625, 557]; rot:90
id:360; fname:ROI_0_Psic_039Ev5.pdf_pg-26.png; forig:Psic_039Ev5.pdf_pg-26.jpg; BB:[42, 16, 464, 325]; rot:90
id:361; fname:ROI_0_Psic_117Ev4.pdf_pg-25.png; forig:Psic_117Ev4.pdf_pg-25.jpg; BB:[155, 372, 358, 291]; rot:90
id:362; fname:ROI_0_Psic_248Ev5.pdf_pg-28.png; forig:Psic_248Ev5.pdf_pg-28.jpg; BB:[56, 0, 570, 385]; rot:0
id:363; fname:ROI_0_Psic_209Ev1.pdf_pg-21.png; forig:Psic_209Ev1.pdf_pg-21.jpg; BB:[209, 190, 335, 282]; rot:-90
id:364; fname:ROI_0_Psic_121Ev3.pdf_pg-17.png; forig:Psic_121Ev3.pdf_pg-17.jpg; BB:[79, 309, 408, 283]; rot:90
id:365; fname:ROI_0_Psic_218Ev4.pdf_pg-24.png; forig:Psic_218Ev4.pdf_pg-24.jpg; BB:[195, 278, 330, 221]; rot:90
id:366; fname:ROI_0_Psic_33Ev4.pdf_pg-25.png; forig:Psic_33Ev4.pdf_pg-25.jpg; BB:[80, 71, 299, 376]; rot:0
id:368; fname:ROI_0_Psic_441Ev1.pdf_pg-22.png; forig:Psic_441Ev1.pdf_pg-22.jpg; BB:[82, 305, 459, 527]; rot:0
id:369; fname:ROI_0_Psic_401Ev4.pdf_pg-25.png; forig:Psic_401Ev4.pdf_pg-25.jpg; BB:[96, 411, 312, 271]; rot:90
id:370; fname:ROI_0_Psic_510Ev3.pdf_pg-22.png; forig:Psic_510Ev3.pdf_pg-22.jpg; BB:[106, 43, 622, 381]; rot:90
id:372; fname:ROI_0_Psic_039Ev5.pdf_pg-28.png; forig:Psic_039Ev5.pdf_pg-28.jpg; BB:[137, 49, 417, 367]; rot:90
id:373; fname:ROI_0_Psic_023Ev3.pdf_pg-17.png; forig:Psic_023Ev3.pdf_pg-17.jpg; BB:[74, 134, 529, 391]; rot:90
id:374; fname:ROI_0_Psic_323Ev1-R.png; forig:Psic_323Ev1-R.png; BB:[6, 32, 454, 548]; rot:0
id:375; fname:ROI_0_Psic_417Ev4.pdf_pg-24.png; forig:Psic_417Ev4.pdf_pg-24.jpg; BB:[71, 153, 295, 340]; rot:0
id:376; fname:ROI_0_Psic_007Ev1.pdf_pg-13.png; forig:Psic_007Ev1.pdf_pg-13.jpg; BB:[36, 271, 484, 457]; rot:90
id:377; fname:ROI_0_Psic_427Ev5.pdf_pg-36.png; forig:Psic_427Ev5.pdf_pg-36.jpg; BB:[155, 52, 432, 287]; rot:-90
id:378; fname:ROI_0_Psic_444Ev2.pdf_pg-23.png; forig:Psic_444Ev2.pdf_pg-23.jpg; BB:[67, 283, 368, 346]; rot:0
id:379; fname:ROI_0_Psic_331Ev2-r.png; forig:Psic_331Ev2-r.png; BB:[24, 16, 346, 542]; rot:0
id:382; fname:ROI_0_Psic_201Ev4.pdf_pg-62.png; forig:Psic_201Ev4.pdf_pg-62.jpg; BB:[220, 151, 397, 262]; rot:90
id:383; fname:ROI_0_Psic_236Ev2.pdf_pg-18.png; forig:Psic_236Ev2.pdf_pg-18.jpg; BB:[119, 187, 474, 337]; rot:90
id:385; fname:ROI_0_Psic_127Ev3.pdf_pg-22.png; forig:Psic_127Ev3.pdf_pg-22.jpg; BB:[124, 244, 408, 304]; rot:90
id:386; fname:ROI_0_Psic_319Ev4-r.png; forig:Psic_319Ev4-r.png; BB:[4, 0, 570, 467]; rot:90
id:387; fname:ROI_0_Psic_209Ev2.pdf_pg-13.png; forig:Psic_209Ev2.pdf_pg-13.jpg; BB:[40, 231, 362, 291]; rot:90
id:388; fname:ROI_0_Psic_034Ev2.pdf_pg-20.png; forig:Psic_034Ev2.pdf_pg-20.jpg; BB:[160, 270, 500, 318]; rot:90
id:389; fname:ROI_0_Psic_122Ev1.pdf_pg-21.png; forig:Psic_122Ev1.pdf_pg-21.jpg; BB:[122, 208, 387, 322]; rot:-90
id:390; fname:ROI_0_Psic_307Ev1-r.png; forig:Psic_307Ev1-r.png; BB:[4, 0, 519, 298]; rot:90
id:391; fname:ROI_0_Psic_436Ev2.pdf_pg-22.png; forig:Psic_436Ev2.pdf_pg-22.jpg; BB:[118, 168, 518, 378]; rot:-90
id:392; fname:ROI_0_Psic_015Ev1.pdf_pg-16.png; forig:Psic_015Ev1.pdf_pg-16.jpg; BB:[166, 201, 425, 308]; rot:90
id:395; fname:ROI_0_Psic_130Ev4.pdf_pg-24.png; forig:Psic_130Ev4.pdf_pg-24.jpg; BB:[48, 433, 281, 255]; rot:90
id:396; fname:ROI_0_Psic_222Ev1.pdf_pg-25.png; forig:Psic_222Ev1.pdf_pg-25.jpg; BB:[36, 217, 538, 285]; rot:90
id:398; fname:ROI_0_Psic_220Ev2.pdf_pg-18.png; forig:Psic_220Ev2.pdf_pg-18.jpg; BB:[133, 333, 386, 266]; rot:90
id:399; fname:ROI_0_Psic_319Ev3-r.png; forig:Psic_319Ev3-r.png; BB:[8, 27, 426, 549]; rot:0
id:400; fname:ROI_0_Psic_325Ev3-r.png; forig:Psic_325Ev3-r.png; BB:[18, 21, 452, 540]; rot:0
id:401; fname:ROI_0_Psic_026Ev3.pdf_pg-17.png; forig:Psic_026Ev3.pdf_pg-17.jpg; BB:[98, 378, 354, 284]; rot:90
id:402; fname:ROI_0_Psic_025Ev4.pdf_pg-23.png; forig:Psic_025Ev4.pdf_pg-23.jpg; BB:[3, 369, 385, 264]; rot:90
id:403; fname:ROI_0_Psic_433Ev3.pdf_pg-22.png; forig:Psic_433Ev3.pdf_pg-22.jpg; BB:[58, 279, 405, 264]; rot:90
id:404; fname:ROI_0_Psic_417Ev5.pdf_pg-27.png; forig:Psic_417Ev5.pdf_pg-27.jpg; BB:[150, 137, 416, 352]; rot:-90
id:406; fname:ROI_0_Psic_502Ev3.pdf_pg-26.png; forig:Psic_502Ev3.pdf_pg-26.jpg; BB:[62, 276, 351, 444]; rot:0
id:408; fname:ROI_0_Psic_247Ev4.pdf_pg-26.png; forig:Psic_247Ev4.pdf_pg-26.jpg; BB:[174, 152, 499, 355]; rot:-90
id:409; fname:ROI_0_Psic_535Ev2.pdf_pg-22.png; forig:Psic_535Ev2.pdf_pg-22.jpg; BB:[147, 375, 269, 376]; rot:0
id:410; fname:ROI_0_Psic_211Ev1.pdf_pg-27.png; forig:Psic_211Ev1.pdf_pg-27.jpg; BB:[97, 385, 242, 197]; rot:0
id:411; fname:ROI_0_Psic_028Ev4.pdf_pg-25.png; forig:Psic_028Ev4.pdf_pg-25.jpg; BB:[129, 424, 280, 382]; rot:0
id:412; fname:ROI_0_Psic_501Ev1-1.pdf_pg-12.png; forig:Psic_501Ev1-1.pdf_pg-12.jpg; BB:[141, 29, 679, 456]; rot:90
id:413; fname:ROI_0_Psic_347Ev5-r.png; forig:Psic_347Ev5-r.png; BB:[72, 0, 584, 385]; rot:90
id:414; fname:ROI_0_Psic_132Ev4.pdf_pg-24.png; forig:Psic_132Ev4.pdf_pg-24.jpg; BB:[113, 235, 396, 366]; rot:90
id:415; fname:ROI_0_Psic_131Ev2.pdf_pg-18.png; forig:Psic_131Ev2.pdf_pg-18.jpg; BB:[83, 268, 413, 302]; rot:90
id:416; fname:ROI_0_Psic_211Ev4.pdf_pg-31.png; forig:Psic_211Ev4.pdf_pg-31.jpg; BB:[83, 325, 372, 406]; rot:90
id:417; fname:ROI_0_Psic_422Ev2.pdf_pg-20.png; forig:Psic_422Ev2.pdf_pg-20.jpg; BB:[108, 84, 575, 416]; rot:90
id:418; fname:ROI_0_Psic_137Ev1.pdf_pg-17.png; forig:Psic_137Ev1.pdf_pg-17.jpg; BB:[0, 36, 509, 341]; rot:90
id:419; fname:ROI_0_Psic_201Ev4.pdf_pg-63.png; forig:Psic_201Ev4.pdf_pg-63.jpg; BB:[272, 442, 285, 323]; rot:0
id:420; fname:ROI_0_Psic_424Ev2.pdf_pg-17.png; forig:Psic_424Ev2.pdf_pg-17.jpg; BB:[93, 262, 433, 307]; rot:90
id:422; fname:ROI_0_Psic_320Ev3-r.png; forig:Psic_320Ev3-r.png; BB:[23, 41, 704, 875]; rot:0
id:423; fname:ROI_0_Psic_107Ev2.pdf_pg-21.png; forig:Psic_107Ev2.pdf_pg-21.jpg; BB:[40, 332, 391, 289]; rot:90
id:424; fname:ROI_0_Psic_202Ev4.pdf_pg-24.png; forig:Psic_202Ev4.pdf_pg-24.jpg; BB:[112, 299, 268, 408]; rot:0
id:425; fname:ROI_0_Psic_411Ev4.pdf_pg-26.png; forig:Psic_411Ev4.pdf_pg-26.jpg; BB:[74, 290, 406, 275]; rot:90
id:426; fname:ROI_0_Psic_116Ev4.pdf_pg-25.png; forig:Psic_116Ev4.pdf_pg-25.jpg; BB:[280, 426, 376, 284]; rot:90
id:427; fname:ROI_0_Psic_421Ev5.pdf_pg-21.png; forig:Psic_421Ev5.pdf_pg-21.jpg; BB:[113, 232, 387, 297]; rot:90
id:428; fname:ROI_0_Psic_027Ev1.pdf_pg-19.png; forig:Psic_027Ev1.pdf_pg-19.jpg; BB:[242, 129, 295, 311]; rot:-90
id:429; fname:ROI_0_Psic_016Ev4.pdf_pg-34.png; forig:Psic_016Ev4.pdf_pg-34.jpg; BB:[44, 292, 385, 387]; rot:90
id:430; fname:ROI_0_Psic_524Ev1.pdf_pg-23.png; forig:Psic_524Ev1.pdf_pg-23.jpg; BB:[48, 299, 292, 424]; rot:0
id:431; fname:ROI_0_Psic_019Ev3.pdf_pg-18.png; forig:Psic_019Ev3.pdf_pg-18.jpg; BB:[158, 260, 477, 379]; rot:-90
id:432; fname:ROI_0_Psic_141Ev4.pdf_pg-29.png; forig:Psic_141Ev4.pdf_pg-29.jpg; BB:[0, 103, 307, 471]; rot:90
id:434; fname:ROI_0_Psic_126Ev1.pdf_pg-31.png; forig:Psic_126Ev1.pdf_pg-31.jpg; BB:[64, 0, 354, 516]; rot:0
id:435; fname:ROI_0_Psic_102Ev1.pdf_pg-21.png; forig:Psic_102Ev1.pdf_pg-21.jpg; BB:[118, 120, 418, 279]; rot:90
id:436; fname:ROI_0_Psic_023Ev2.pdf_pg-20.png; forig:Psic_023Ev2.pdf_pg-20.jpg; BB:[46, 165, 548, 406]; rot:90
id:438; fname:ROI_0_Psic_237Ev5.pdf_pg-29.png; forig:Psic_237Ev5.pdf_pg-29.jpg; BB:[72, 134, 515, 417]; rot:90
id:439; fname:ROI_0_Psic_430Ev4.pdf_pg-1.png; forig:Psic_430Ev4.pdf_pg-1.jpg; BB:[122, 164, 506, 403]; rot:-90
id:440; fname:ROI_0_Psic_248Ev5.pdf_pg-26.png; forig:Psic_248Ev5.pdf_pg-26.jpg; BB:[0, 188, 282, 456]; rot:0
id:441; fname:ROI_0_Psic_403Ev5.pdf_pg-24.png; forig:Psic_403Ev5.pdf_pg-24.jpg; BB:[86, 178, 473, 332]; rot:90
id:442; fname:ROI_0_Psic_119Ev4b.pdf_pg-26.png; forig:Psic_119Ev4b.pdf_pg-26.jpg; BB:[192, 380, 311, 247]; rot:90
id:443; fname:ROI_0_Psic_127Ev1.pdf_pg-21.png; forig:Psic_127Ev1.pdf_pg-21.jpg; BB:[137, 173, 387, 313]; rot:90
id:444; fname:ROI_0_Psic_008Ev2.pdf_pg-18.png; forig:Psic_008Ev2.pdf_pg-18.jpg; BB:[0, 204, 433, 290]; rot:90
id:445; fname:ROI_0_Psic_243Ev5.pdf_pg-26.png; forig:Psic_243Ev5.pdf_pg-26.jpg; BB:[34, 141, 427, 522]; rot:0
id:446; fname:ROI_0_Psic_131Ev1.pdf_pg-14.png; forig:Psic_131Ev1.pdf_pg-14.jpg; BB:[100, 96, 303, 335]; rot:0
id:447; fname:ROI_0_Psic_512Ev2.pdf_pg-18.png; forig:Psic_512Ev2.pdf_pg-18.jpg; BB:[94, 189, 476, 376]; rot:90
id:448; fname:ROI_0_Psic_402Ev4.pdf_pg-43.png; forig:Psic_402Ev4.pdf_pg-43.jpg; BB:[75, 288, 239, 311]; rot:0
id:449; fname:ROI_0_Psic_347Ev2-r.png; forig:Psic_347Ev2-r.png; BB:[28, 23, 394, 611]; rot:0
id:450; fname:ROI_0_Psic_201Ev5.pdf_pg-29.png; forig:Psic_201Ev5.pdf_pg-29.jpg; BB:[79, 141, 668, 411]; rot:-90
id:451; fname:ROI_0_Psic_141Ev4.pdf_pg-25.png; forig:Psic_141Ev4.pdf_pg-25.jpg; BB:[65, 31, 351, 520]; rot:0
id:452; fname:ROI_0_Psic_507Ev2.pdf_pg-22.png; forig:Psic_507Ev2.pdf_pg-22.jpg; BB:[119, 364, 385, 319]; rot:90
id:453; fname:ROI_0_Psic_122Ev4.pdf_pg-25.png; forig:Psic_122Ev4.pdf_pg-25.jpg; BB:[49, 495, 257, 417]; rot:0
id:454; fname:ROI_0_Psic_139Ev3.pdf_pg-18.png; forig:Psic_139Ev3.pdf_pg-18.jpg; BB:[1, 529, 298, 282]; rot:90
id:455; fname:ROI_0_Psic_229Ev2.pdf_pg-21.png; forig:Psic_229Ev2.pdf_pg-21.jpg; BB:[73, 312, 274, 420]; rot:0
id:457; fname:ROI_0_Psic_004Ev3.pdf_pg-32.png; forig:Psic_004Ev3.pdf_pg-32.jpg; BB:[82, 174, 527, 370]; rot:90
id:459; fname:ROI_0_Psic_411Ev2.pdf_pg-21.png; forig:Psic_411Ev2.pdf_pg-21.jpg; BB:[76, 230, 529, 323]; rot:90
id:460; fname:ROI_0_Psic_015Ev4b.pdf_pg-24.png; forig:Psic_015Ev4b.pdf_pg-24.jpg; BB:[98, 273, 310, 388]; rot:0
id:461; fname:ROI_0_Psic_233Ev1.pdf_pg-35.png; forig:Psic_233Ev1.pdf_pg-35.jpg; BB:[0, 298, 377, 230]; rot:90
id:462; fname:ROI_0_Psic_531Ev1.pdf_pg-22.png; forig:Psic_531Ev1.pdf_pg-22.jpg; BB:[266, 135, 364, 250]; rot:-90
id:463; fname:ROI_0_Psic_010Ev2.pdf_pg-18.png; forig:Psic_010Ev2.pdf_pg-18.jpg; BB:[150, 195, 409, 331]; rot:-90
id:464; fname:ROI_0_Psic_107Ev1.pdf_pg-23.png; forig:Psic_107Ev1.pdf_pg-23.jpg; BB:[167, 0, 339, 258]; rot:90
id:466; fname:ROI_0_Psic_106Ev4.pdf_pg-25.png; forig:Psic_106Ev4.pdf_pg-25.jpg; BB:[240, 93, 402, 266]; rot:-90
id:467; fname:ROI_0_Psic_039Ev4.pdf_pg-26.png; forig:Psic_039Ev4.pdf_pg-26.jpg; BB:[62, 107, 210, 207]; rot:90
id:468; fname:ROI_0_Psic_344Ev3-r.png; forig:Psic_344Ev3-r.png; BB:[0, 0, 751, 445]; rot:90
id:469; fname:ROI_0_Psic_528Ev1-1.pdf_pg-20.png; forig:Psic_528Ev1-1.pdf_pg-20.jpg; BB:[89, 280, 497, 358]; rot:90
id:470; fname:ROI_0_Psic_106Ev5.pdf_pg-30.png; forig:Psic_106Ev5.pdf_pg-30.jpg; BB:[101, 329, 263, 228]; rot:90
id:471; fname:ROI_0_Psic_348Ev2-r.png; forig:Psic_348Ev2-r.png; BB:[0, 21, 582, 782]; rot:0
id:472; fname:ROI_0_Psic_211Ev5.pdf_pg-8.png; forig:Psic_211Ev5.pdf_pg-8.jpg; BB:[115, 108, 463, 368]; rot:-90
id:473; fname:ROI_0_Psic_316Ev1-R.png; forig:Psic_316Ev1-R.png; BB:[0, 0, 628, 727]; rot:180
id:474; fname:ROI_0_Psic_230Ev1.pdf_pg-8.png; forig:Psic_230Ev1.pdf_pg-8.jpg; BB:[227, 170, 393, 320]; rot:-90
id:475; fname:ROI_0_Psic_122Ev4.pdf_pg-6.png; forig:Psic_122Ev4.pdf_pg-6.jpg; BB:[101, 192, 362, 368]; rot:-90
id:476; fname:ROI_0_Psic_123Ev3.pdf_pg-15.png; forig:Psic_123Ev3.pdf_pg-15.jpg; BB:[49, 252, 378, 263]; rot:90
id:477; fname:ROI_0_Psic_526Ev2.pdf_pg-23.png; forig:Psic_526Ev2.pdf_pg-23.jpg; BB:[182, 161, 478, 303]; rot:90
id:478; fname:ROI_0_Psic_430Ev3.pdf_pg-33.png; forig:Psic_430Ev3.pdf_pg-33.jpg; BB:[71, 123, 301, 420]; rot:0
id:479; fname:ROI_0_Psic_334Ev1-R.png; forig:Psic_334Ev1-R.png; BB:[0, 11, 550, 480]; rot:90
id:481; fname:ROI_0_Psic_201Ev3.pdf_pg-21.png; forig:Psic_201Ev3.pdf_pg-21.jpg; BB:[134, 69, 460, 431]; rot:
id:484; fname:ROI_0_Psic_029Ev2.pdf_pg-13.png; forig:Psic_029Ev2.pdf_pg-13.jpg; BB:[265, 141, 276, 256]; rot:-90
id:485; fname:ROI_0_Psic_408Ev5.pdf_pg-29.png; forig:Psic_408Ev5.pdf_pg-29.jpg; BB:[184, 172, 386, 229]; rot:0
id:488; fname:ROI_0_Psic_119Ev2.pdf_pg-22.png; forig:Psic_119Ev2.pdf_pg-22.jpg; BB:[324, 367, 242, 278]; rot:0
id:489; fname:ROI_0_Psic_233Ev4.pdf_pg-26.png; forig:Psic_233Ev4.pdf_pg-26.jpg; BB:[229, 157, 354, 313]; rot:-90
id:490; fname:ROI_0_Psic_321Ev1-r.png; forig:Psic_321Ev1-r.png; BB:[0, 0, 659, 366]; rot:90
id:491; fname:ROI_0_Psic_415Ev1.pdf_pg-37.png; forig:Psic_415Ev1.pdf_pg-37.jpg; BB:[156, 287, 246, 244]; rot:90
id:492; fname:ROI_0_Psic_237Ev4.pdf_pg-26.png; forig:Psic_237Ev4.pdf_pg-26.jpg; BB:[70, 213, 436, 316]; rot:90
id:493; fname:ROI_0_Psic_506Ev2.pdf_pg-20.png; forig:Psic_506Ev2.pdf_pg-20.jpg; BB:[38, 85, 551, 427]; rot:90
id:494; fname:ROI_0_Psic_313Ev1-R.png; forig:Psic_313Ev1-R.png; BB:[8, 0, 658, 555]; rot:90
id:495; fname:ROI_0_Psic_514Ev1-1.pdf_pg-25.png; forig:Psic_514Ev1-1.pdf_pg-25.jpg; BB:[64, 358, 277, 363]; rot:0
id:496; fname:ROI_0_Psic_413Ev1.pdf_pg-36.png; forig:Psic_413Ev1.pdf_pg-36.jpg; BB:[17, 359, 341, 326]; rot:0
id:497; fname:ROI_0_Psic_206Ev4.pdf_pg-25.png; forig:Psic_206Ev4.pdf_pg-25.jpg; BB:[130, 173, 222, 306]; rot:0
id:498; fname:ROI_0_Psic_418Ev4.pdf_pg-24.png; forig:Psic_418Ev4.pdf_pg-24.jpg; BB:[56, 114, 543, 410]; rot:90
id:499; fname:ROI_0_Psic_115Ev3.pdf_pg-21.png; forig:Psic_115Ev3.pdf_pg-21.jpg; BB:[50, 264, 590, 415]; rot:90
id:500; fname:ROI_0_Psic_119Ev5b.pdf_pg-28.png; forig:Psic_119Ev5b.pdf_pg-28.jpg; BB:[111, 233, 354, 458]; rot:0
id:501; fname:ROI_0_Psic_031Ev4.pdf_pg-27.png; forig:Psic_031Ev4.pdf_pg-27.jpg; BB:[311, 142, 382, 269]; rot:-90
id:502; fname:ROI_0_Psic_428Ev3.pdf_pg-34.png; forig:Psic_428Ev3.pdf_pg-34.jpg; BB:[97, 221, 289, 413]; rot:0
id:503; fname:ROI_0_Psic_018Ev4.pdf_pg-25.png; forig:Psic_018Ev4.pdf_pg-25.jpg; BB:[124, 328, 334, 194]; rot:90
id:504; fname:ROI_0_Psic_250Ev2.pdf_pg-20.png; forig:Psic_250Ev2.pdf_pg-20.jpg; BB:[130, 360, 404, 307]; rot:90
id:506; fname:ROI_0_Psic_248Ev3.pdf_pg-18.png; forig:Psic_248Ev3.pdf_pg-18.jpg; BB:[80, 189, 492, 307]; rot:90
id:507; fname:ROI_0_Psic_425Ev5.pdf_pg-26.png; forig:Psic_425Ev5.pdf_pg-26.jpg; BB:[220, 265, 506, 380]; rot:-90
id:508; fname:ROI_0_Psic_301Ev5-r.png; forig:Psic_301Ev5-r.png; BB:[7, 0, 504, 413]; rot:90
id:509; fname:ROI_0_Psic_314Ev4-r.png; forig:Psic_314Ev4-r.png; BB:[23, 5, 576, 396]; rot:90
id:510; fname:ROI_0_Psic_248Ev1.pdf_pg-21.png; forig:Psic_248Ev1.pdf_pg-21.jpg; BB:[75, 378, 353, 404]; rot:0
id:511; fname:ROI_0_Psic_339Ev2-R.png; forig:Psic_339Ev2-R.png; BB:[29, 7, 706, 505]; rot:90
id:512; fname:ROI_0_Psic_213Ev3.pdf_pg-19.png; forig:Psic_213Ev3.pdf_pg-19.jpg; BB:[32, 21, 313, 434]; rot:0
id:513; fname:ROI_0_Psic_417Ev2.pdf_pg-20.png; forig:Psic_417Ev2.pdf_pg-20.jpg; BB:[51, 251, 313, 397]; rot:0
id:514; fname:ROI_0_Psic_018Ev1.pdf_pg-7.png; forig:Psic_018Ev1.pdf_pg-7.jpg; BB:[110, 17, 229, 304]; rot:0
id:515; fname:ROI_0_Psic_106Ev4.pdf_pg-26.png; forig:Psic_106Ev4.pdf_pg-26.jpg; BB:[192, 260, 311, 294]; rot:90
id:516; fname:ROI_0_Psic_307Ev3-R.png; forig:Psic_307Ev3-R.png; BB:[1, 14, 347, 565]; rot:0
id:517; fname:ROI_0_Psic_131Ev5.pdf_pg-26.png; forig:Psic_131Ev5.pdf_pg-26.jpg; BB:[77, 331, 289, 390]; rot:0
id:519; fname:ROI_0_Psic_220Ev4.pdf_pg-34.png; forig:Psic_220Ev4.pdf_pg-34.jpg; BB:[82, 209, 634, 517]; rot:0
id:520; fname:ROI_0_Psic_017Ev2.pdf_pg-18.png; forig:Psic_017Ev2.pdf_pg-18.jpg; BB:[60, 214, 500, 401]; rot:90
id:521; fname:ROI_0_Psic_116Ev5.pdf_pg-25.png; forig:Psic_116Ev5.pdf_pg-25.jpg; BB:[23, 117, 540, 585]; rot:90
id:522; fname:ROI_0_Psic_518Ev1.pdf_pg-20.png; forig:Psic_518Ev1.pdf_pg-20.jpg; BB:[65, 262, 300, 460]; rot:0
id:523; fname:ROI_0_Psic_420Ev1.pdf_pg-20.png; forig:Psic_420Ev1.pdf_pg-20.jpg; BB:[200, 211, 383, 296]; rot:90
id:524; fname:ROI_0_Psic_307Ev5-R.png; forig:Psic_307Ev5-R.png; BB:[7, 8, 619, 430]; rot:90
id:525; fname:ROI_0_Psic_113Ev3.pdf_pg-16.png; forig:Psic_113Ev3.pdf_pg-16.jpg; BB:[111, 166, 304, 383]; rot:0
id:526; fname:ROI_0_Psic_429Ev4.pdf_pg-6.png; forig:Psic_429Ev4.pdf_pg-6.jpg; BB:[120, 139, 593, 345]; rot:90
id:527; fname:ROI_0_Psic_119Ev1.pdf_pg-29.png; forig:Psic_119Ev1.pdf_pg-29.jpg; BB:[43, 269, 193, 216]; rot:90
id:528; fname:ROI_0_Psic_514Ev3.pdf_pg-20.png; forig:Psic_514Ev3.pdf_pg-20.jpg; BB:[98, 226, 377, 492]; rot:0
id:529; fname:ROI_0_Psic_125Ev1.pdf_pg-20.png; forig:Psic_125Ev1.pdf_pg-20.jpg; BB:[125, 200, 463, 300]; rot:90
id:530; fname:ROI_0_Psic_019Ev4b.pdf_pg-24.png; forig:Psic_019Ev4b.pdf_pg-24.jpg; BB:[61, 201, 571, 433]; rot:90
id:531; fname:ROI_0_Psic_434Ev4.pdf_pg-27.png; forig:Psic_434Ev4.pdf_pg-27.jpg; BB:[93, 232, 379, 318]; rot:90
id:532; fname:ROI_0_Psic_101Ev4.pdf_pg-21.png; forig:Psic_101Ev4.pdf_pg-21.jpg; BB:[123, 228, 454, 379]; rot:0
id:533; fname:ROI_0_Psic_117Ev1.pdf_pg-25.png; forig:Psic_117Ev1.pdf_pg-25.jpg; BB:[1, 0, 554, 433]; rot:0
id:534; fname:ROI_0_Psic_231Ev1.pdf_pg-20.png; forig:Psic_231Ev1.pdf_pg-20.jpg; BB:[117, 419, 288, 372]; rot:0
id:535; fname:ROI_0_Psic_521Ev1.pdf_pg-22.png; forig:Psic_521Ev1.pdf_pg-22.jpg; BB:[161, 212, 473, 327]; rot:-90
id:536; fname:ROI_0_Psic_512Ev4.pdf_pg-26.png; forig:Psic_512Ev4.pdf_pg-26.jpg; BB:[111, 81, 385, 425]; rot:0
id:537; fname:ROI_0_Psic_133Ev1.pdf_pg-18.png; forig:Psic_133Ev1.pdf_pg-18.jpg; BB:[98, 345, 385, 342]; rot:90
id:538; fname:ROI_0_Psic_303Ev4-r.png; forig:Psic_303Ev4-r.png; BB:[0, 4, 331, 458]; rot:0
id:539; fname:ROI_0_Psic_221Ev4.pdf_pg-20.png; forig:Psic_221Ev4.pdf_pg-20.jpg; BB:[111, 244, 249, 275]; rot:90
id:540; fname:ROI_0_Psic_025Ev3.pdf_pg-18.png; forig:Psic_025Ev3.pdf_pg-18.jpg; BB:[89, 216, 453, 326]; rot:90
id:541; fname:ROI_0_Psic_438Ev2.pdf_pg-22.png; forig:Psic_438Ev2.pdf_pg-22.jpg; BB:[54, 164, 352, 506]; rot:0
id:542; fname:ROI_0_Psic_002Ev5.pdf_pg-28.png; forig:Psic_002Ev5.pdf_pg-28.jpg; BB:[61, 75, 309, 410]; rot:0
id:544; fname:ROI_0_Psic_524Ev3.pdf_pg-25.png; forig:Psic_524Ev3.pdf_pg-25.jpg; BB:[75, 121, 317, 442]; rot:0
id:545; fname:ROI_0_Psic_101Ev5.pdf_pg-27.png; forig:Psic_101Ev5.pdf_pg-27.jpg; BB:[122, 112, 355, 376]; rot:0
id:546; fname:ROI_0_Psic_428Ev4.pdf_pg-26.png; forig:Psic_428Ev4.pdf_pg-26.jpg; BB:[65, 286, 380, 306]; rot:90
id:547; fname:ROI_0_Psic_124Ev1.pdf_pg-18.png; forig:Psic_124Ev1.pdf_pg-18.jpg; BB:[24, 212, 504, 425]; rot:0
id:548; fname:ROI_0_Psic_301Ev4-r.png; forig:Psic_301Ev4-r.png; BB:[0, 2, 438, 345]; rot:90
id:549; fname:ROI_0_Psic_250Ev5.pdf_pg-25.png; forig:Psic_250Ev5.pdf_pg-25.jpg; BB:[183, 137, 480, 329]; rot:-90
id:550; fname:ROI_0_Psic_039Ev4.pdf_pg-27.png; forig:Psic_039Ev4.pdf_pg-27.jpg; BB:[29, 0, 395, 458]; rot:90
id:551; fname:ROI_0_Psic_424Ev4.pdf_pg-25.png; forig:Psic_424Ev4.pdf_pg-25.jpg; BB:[168, 281, 445, 344]; rot:90
id:552; fname:ROI_0_Psic_501Ev2-1.pdf_pg-22.png; forig:Psic_501Ev2-1.pdf_pg-22.jpg; BB:[165, 154, 464, 278]; rot:90
id:553; fname:ROI_0_Psic_202Ev1.pdf_pg-14.png; forig:Psic_202Ev1.pdf_pg-14.jpg; BB:[93, 101, 477, 346]; rot:90
id:554; fname:ROI_0_Psic_523Ev3.pdf_pg-26.png; forig:Psic_523Ev3.pdf_pg-26.jpg; BB:[59, 167, 276, 322]; rot:0
id:555; fname:ROI_0_Psic_308Ev2-r.png; forig:Psic_308Ev2-r.png; BB:[0, 0, 566, 402]; rot:90
id:556; fname:ROI_0_Psic_002Ev4.pdf_pg-23.png; forig:Psic_002Ev4.pdf_pg-23.jpg; BB:[145, 337, 232, 364]; rot:180
id:557; fname:ROI_0_Psic_520Ev1.pdf_pg-32.png; forig:Psic_520Ev1.pdf_pg-32.jpg; BB:[65, 78, 288, 395]; rot:0
id:558; fname:ROI_0_Psic_308Ev1-r.png; forig:Psic_308Ev1-r.png; BB:[0, 6, 617, 476]; rot:90
id:559; fname:ROI_0_Psic_205Ev5.pdf_pg-36.png; forig:Psic_205Ev5.pdf_pg-36.jpg; BB:[94, 125, 491, 278]; rot:-90
id:561; fname:ROI_0_Psic_423Ev4.pdf_pg-24.png; forig:Psic_423Ev4.pdf_pg-24.jpg; BB:[74, 318, 245, 366]; rot:0
id:562; fname:ROI_0_Psic_031Ev5.pdf_pg-27.png; forig:Psic_031Ev5.pdf_pg-27.jpg; BB:[39, 175, 359, 410]; rot:0
id:563; fname:ROI_0_Psic_403Ev5.pdf_pg-26.png; forig:Psic_403Ev5.pdf_pg-26.jpg; BB:[150, 224, 376, 243]; rot:90
id:564; fname:ROI_0_Psic_510Ev1.pdf_pg-21.png; forig:Psic_510Ev1.pdf_pg-21.jpg; BB:[22, 77, 424, 619]; rot:0
id:565; fname:ROI_0_Psic_243Ev4.pdf_pg-27.png; forig:Psic_243Ev4.pdf_pg-27.jpg; BB:[32, 225, 269, 375]; rot:0
id:567; fname:ROI_0_Psic_003Ev4.pdf_pg-26.png; forig:Psic_003Ev4.pdf_pg-26.jpg; BB:[130, 158, 368, 277]; rot:90
id:568; fname:ROI_0_Psic_107Ev4.pdf_pg-21.png; forig:Psic_107Ev4.pdf_pg-21.jpg; BB:[148, 254, 260, 243]; rot:0
id:569; fname:ROI_0_Psic_321Ev3-r.png; forig:Psic_321Ev3-r.png; BB:[0, 4, 488, 343]; rot:90
id:570; fname:ROI_0_Psic_101Ev2.pdf_pg-20.png; forig:Psic_101Ev2.pdf_pg-20.jpg; BB:[152, 181, 513, 394]; rot:90
id:571; fname:ROI_0_Psic_301Ev3-r.png; forig:Psic_301Ev3-r.png; BB:[7, 15, 491, 380]; rot:90
id:572; fname:ROI_0_Psic_318Ev2-r.png; forig:Psic_318Ev2-r.png; BB:[0, 0, 498, 588]; rot:0
id:573; fname:ROI_0_Psic_227Ev2.pdf_pg-19.png; forig:Psic_227Ev2.pdf_pg-19.jpg; BB:[58, 279, 463, 317]; rot:90
id:574; fname:ROI_0_Psic_309Ev1-r.png; forig:Psic_309Ev1-r.png; BB:[4, 3, 438, 385]; rot:90
id:575; fname:ROI_0_Psic_416Ev3.pdf_pg-22.png; forig:Psic_416Ev3.pdf_pg-22.jpg; BB:[191, 397, 345, 334]; rot:90
id:576; fname:ROI_0_Psic_201Ev2.pdf_pg-21.png; forig:Psic_201Ev2.pdf_pg-21.jpg; BB:[74, 54, 605, 372]; rot:90
id:577; fname:ROI_0_Psic_504Ev3.pdf_pg-24.png; forig:Psic_504Ev3.pdf_pg-24.jpg; BB:[0, 128, 575, 426]; rot:90
id:578; fname:ROI_0_Psic_423Ev2.pdf_pg-32.png; forig:Psic_423Ev2.pdf_pg-32.jpg; BB:[149, 312, 256, 338]; rot:0
id:579; fname:ROI_0_Psic_425Ev5.pdf_pg-28.png; forig:Psic_425Ev5.pdf_pg-28.jpg; BB:[60, 23, 591, 528]; rot:90
id:580; fname:ROI_0_Psic_324Ev3-r.png; forig:Psic_324Ev3-r.png; BB:[5, 20, 417, 607]; rot:0
id:581; fname:ROI_0_Psic_517Ev3.pdf_pg-26.png; forig:Psic_517Ev3.pdf_pg-26.jpg; BB:[81, 177, 348, 423]; rot:0
id:582; fname:ROI_0_Psic_111Ev1.pdf_pg-22.png; forig:Psic_111Ev1.pdf_pg-22.jpg; BB:[122, 217, 401, 290]; rot:90
id:583; fname:ROI_0_Psic_127Ev4.pdf_pg-26.png; forig:Psic_127Ev4.pdf_pg-26.jpg; BB:[121, 208, 388, 332]; rot:90
id:584; fname:ROI_0_Psic_003Ev1.pdf_pg-26.png; forig:Psic_003Ev1.pdf_pg-26.jpg; BB:[131, 131, 371, 288]; rot:90
id:585; fname:ROI_0_Psic_039Ev2.pdf_pg-20.png; forig:Psic_039Ev2.pdf_pg-20.jpg; BB:[53, 254, 351, 296]; rot:90
id:586; fname:ROI_0_Psic_430Ev4.pdf_pg-2.png; forig:Psic_430Ev4.pdf_pg-2.jpg; BB:[135, 184, 626, 430]; rot:-90
id:588; fname:ROI_0_Psic_402Ev4.pdf_pg-4.png; forig:Psic_402Ev4.pdf_pg-4.jpg; BB:[192, 212, 390, 265]; rot:90
id:589; fname:ROI_0_Psic_238Ev5.pdf_pg-22.png; forig:Psic_238Ev5.pdf_pg-22.jpg; BB:[60, 266, 323, 512]; rot:0
id:590; fname:ROI_0_Psic_113Ev5.pdf_pg-25.png; forig:Psic_113Ev5.pdf_pg-25.jpg; BB:[113, 235, 321, 304]; rot:0
id:591; fname:ROI_0_Psic_036Ev1.pdf_pg-20.png; forig:Psic_036Ev1.pdf_pg-20.jpg; BB:[240, 181, 392, 319]; rot:-90
id:592; fname:ROI_0_Psic_417Ev3.pdf_pg-34.png; forig:Psic_417Ev3.pdf_pg-34.jpg; BB:[137, 194, 450, 322]; rot:90
id:593; fname:ROI_0_Psic_332Ev2-r.png; forig:Psic_332Ev2-r.png; BB:[0, 0, 548, 631]; rot:0
id:594; fname:ROI_0_Psic_314Ev3-r.png; forig:Psic_314Ev3-r.png; BB:[12, 17, 439, 557]; rot:0
id:595; fname:ROI_0_Psic_436Ev2.pdf_pg-23.png; forig:Psic_436Ev2.pdf_pg-23.jpg; BB:[143, 260, 426, 268]; rot:90
id:597; fname:ROI_0_Psic_029Ev3.pdf_pg-20.png; forig:Psic_029Ev3.pdf_pg-20.jpg; BB:[94, 375, 290, 259]; rot:90
id:598; fname:ROI_0_Psic_114Ev1.pdf_pg-10.png; forig:Psic_114Ev1.pdf_pg-10.jpg; BB:[105, 246, 417, 321]; rot:90
id:601; fname:ROI_0_Psic_243Ev3.pdf_pg-15.png; forig:Psic_243Ev3.pdf_pg-15.jpg; BB:[168, 363, 322, 276]; rot:90
id:602; fname:ROI_0_Psic_220Ev1.pdf_pg-28.png; forig:Psic_220Ev1.pdf_pg-28.jpg; BB:[57, 252, 466, 253]; rot:90
id:603; fname:ROI_0_Psic_336Ev1-r.png; forig:Psic_336Ev1-r.png; BB:[30, 16, 457, 617]; rot:0
id:604; fname:ROI_0_Psic_428Ev1.pdf_pg-1.png; forig:Psic_428Ev1.pdf_pg-1.jpg; BB:[0, 0, 848, 593]; rot:-90
id:605; fname:ROI_0_Psic_515Ev3-1.pdf_pg-19.png; forig:Psic_515Ev3-1.pdf_pg-19.jpg; BB:[74, 172, 301, 514]; rot:0
id:606; fname:ROI_0_Psic_238Ev4.pdf_pg-34.png; forig:Psic_238Ev4.pdf_pg-34.jpg; BB:[85, 200, 252, 344]; rot:0
id:607; fname:ROI_0_Psic_516Ev3.pdf_pg-26.png; forig:Psic_516Ev3.pdf_pg-26.jpg; BB:[114, 322, 348, 443]; rot:0
id:608; fname:ROI_0_Psic_021Ev1.pdf_pg-7.png; forig:Psic_021Ev1.pdf_pg-7.jpg; BB:[151, 172, 502, 359]; rot:90
id:609; fname:ROI_0_Psic_135Ev4.pdf_pg-34.png; forig:Psic_135Ev4.pdf_pg-34.jpg; BB:[183, 305, 342, 261]; rot:90
id:610; fname:ROI_0_Psic_202Ev3.pdf_pg-20.png; forig:Psic_202Ev3.pdf_pg-20.jpg; BB:[83, 188, 527, 333]; rot:90
id:611; fname:ROI_0_Psic_233Ev4.pdf_pg-24.png; forig:Psic_233Ev4.pdf_pg-24.jpg; BB:[195, 260, 280, 244]; rot:0
id:612; fname:ROI_0_Psic_210Ev5.pdf_pg-54.png; forig:Psic_210Ev5.pdf_pg-54.jpg; BB:[151, 233, 293, 388]; rot:0
id:613; fname:ROI_0_Psic_220Ev5.pdf_pg-29.png; forig:Psic_220Ev5.pdf_pg-29.jpg; BB:[117, 153, 624, 324]; rot:-90
id:614; fname:ROI_0_Psic_019Ev4.pdf_pg-22.png; forig:Psic_019Ev4.pdf_pg-22.jpg; BB:[159, 203, 336, 284]; rot:90
id:615; fname:ROI_0_Psic_111Ev3.pdf_pg-18.png; forig:Psic_111Ev3.pdf_pg-18.jpg; BB:[141, 141, 502, 290]; rot:90
id:616; fname:ROI_0_Psic_304Ev2-r.png; forig:Psic_304Ev2-r.png; BB:[0, 0, 787, 572]; rot:90
id:618; fname:ROI_0_Psic_205Ev5.pdf_pg-37.png; forig:Psic_205Ev5.pdf_pg-37.jpg; BB:[33, 99, 454, 328]; rot:90
id:619; fname:ROI_0_Psic_250Ev5.pdf_pg-24.png; forig:Psic_250Ev5.pdf_pg-24.jpg; BB:[152, 199, 472, 262]; rot:-90
id:620; fname:ROI_0_Psic_130Ev3.pdf_pg-19.png; forig:Psic_130Ev3.pdf_pg-19.jpg; BB:[127, 226, 370, 221]; rot:90
id:621; fname:ROI_0_Psic_401Ev3.pdf_pg-20.png; forig:Psic_401Ev3.pdf_pg-20.jpg; BB:[113, 207, 367, 299]; rot:90
id:622; fname:ROI_0_Psic_248Ev4.pdf_pg-25.png; forig:Psic_248Ev4.pdf_pg-25.jpg; BB:[106, 329, 385, 361]; rot:90
id:623; fname:ROI_0_Psic_409Ev4.pdf_pg-19.png; forig:Psic_409Ev4.pdf_pg-19.jpg; BB:[17, 0, 223, 369]; rot:0
id:624; fname:ROI_0_Psic_414Ev5.pdf_pg-26.png; forig:Psic_414Ev5.pdf_pg-26.jpg; BB:[199, 106, 382, 336]; rot:-90
id:625; fname:ROI_0_Psic_112Ev1.pdf_pg-10.png; forig:Psic_112Ev1.pdf_pg-10.jpg; BB:[79, 101, 470, 321]; rot:90
id:626; fname:ROI_0_Psic_034Ev3.pdf_pg-18.png; forig:Psic_034Ev3.pdf_pg-18.jpg; BB:[100, 383, 340, 259]; rot:90
id:628; fname:ROI_0_Psic_501Ev4.pdf_pg-27.png; forig:Psic_501Ev4.pdf_pg-27.jpg; BB:[89, 216, 390, 462]; rot:0
id:630; fname:ROI_0_Psic_434Ev3.pdf_pg-17.png; forig:Psic_434Ev3.pdf_pg-17.jpg; BB:[94, 203, 355, 297]; rot:90
id:632; fname:ROI_0_Psic_131Ev4.pdf_pg-23.png; forig:Psic_131Ev4.pdf_pg-23.jpg; BB:[72, 402, 347, 284]; rot:90
id:633; fname:ROI_0_Psic_421Ev5.pdf_pg-19.png; forig:Psic_421Ev5.pdf_pg-19.jpg; BB:[192, 196, 485, 289]; rot:-90
id:634; fname:ROI_0_Psic_106Ev4.pdf_pg-24.png; forig:Psic_106Ev4.pdf_pg-24.jpg; BB:[0, 72, 378, 596]; rot:0
id:635; fname:ROI_0_Psic_315Ev1-R.png; forig:Psic_315Ev1-R.png; BB:[0, 0, 473, 503]; rot:180
id:636; fname:ROI_0_Psic_414Ev5.pdf_pg-25.png; forig:Psic_414Ev5.pdf_pg-25.jpg; BB:[216, 170, 216, 298]; rot:-90
id:637; fname:ROI_0_Psic_512Ev3.pdf_pg-17.png; forig:Psic_512Ev3.pdf_pg-17.jpg; BB:[1, 208, 555, 407]; rot:90
id:638; fname:ROI_0_Psic_302Ev2-r.png; forig:Psic_302Ev2-r.png; BB:[0, 22, 756, 493]; rot:90
id:639; fname:ROI_0_Psic_312Ev1-r.png; forig:Psic_312Ev1-r.png; BB:[0, 0, 637, 722]; rot:0
id:640; fname:ROI_0_Psic_337Ev1-r.png; forig:Psic_337Ev1-r.png; BB:[10, 23, 465, 493]; rot:0
id:641; fname:ROI_0_Psic_407Ev1.pdf_pg-13.png; forig:Psic_407Ev1.pdf_pg-13.jpg; BB:[220, 285, 369, 251]; rot:90
id:642; fname:ROI_0_Psic_207Ev1.pdf_pg-26.png; forig:Psic_207Ev1.pdf_pg-26.jpg; BB:[49, 258, 367, 436]; rot:180
id:644; fname:ROI_0_Psic_503Ev1.pdf_pg-23.png; forig:Psic_503Ev1.pdf_pg-23.jpg; BB:[127, 235, 486, 308]; rot:90
id:645; fname:ROI_0_Psic_233Ev5.pdf_pg-19.png; forig:Psic_233Ev5.pdf_pg-19.jpg; BB:[87, 106, 368, 405]; rot:0
id:646; fname:ROI_0_Psic_103Ev3.pdf_pg-21.png; forig:Psic_103Ev3.pdf_pg-21.jpg; BB:[120, 243, 428, 287]; rot:90
id:647; fname:ROI_0_Psic_418Ev5.pdf_pg-24.png; forig:Psic_418Ev5.pdf_pg-24.jpg; BB:[83, 108, 303, 344]; rot:0
id:648; fname:ROI_0_Psic_519Ev2.pdf_pg-20.png; forig:Psic_519Ev2.pdf_pg-20.jpg; BB:[103, 49, 334, 451]; rot:0
id:649; fname:ROI_0_Psic_422Ev5.pdf_pg-28.png; forig:Psic_422Ev5.pdf_pg-28.jpg; BB:[82, 241, 432, 296]; rot:-90
id:650; fname:ROI_0_Psic_042Ev3.pdf_pg-18.png; forig:Psic_042Ev3.pdf_pg-18.jpg; BB:[78, 178, 436, 317]; rot:90
id:651; fname:ROI_0_Psic_347Ev3-r.png; forig:Psic_347Ev3-r.png; BB:[30, 8, 675, 397]; rot:90
id:652; fname:ROI_0_Psic_131Ev4.pdf_pg-25.png; forig:Psic_131Ev4.pdf_pg-25.jpg; BB:[166, 258, 278, 337]; rot:0
id:653; fname:ROI_0_Psic_322Ev1-r.png; forig:Psic_322Ev1-r.png; BB:[15, 0, 517, 422]; rot:90
id:655; fname:ROI_0_Psic_512Ev4.pdf_pg-25.png; forig:Psic_512Ev4.pdf_pg-25.jpg; BB:[100, 26, 345, 419]; rot:0
id:656; fname:ROI_0_Psic_125Ev6.pdf_pg-26.png; forig:Psic_125Ev6.pdf_pg-26.jpg; BB:[100, 150, 237, 275]; rot:0
id:657; fname:ROI_0_Psic_513Ev1.pdf_pg-17.png; forig:Psic_513Ev1.pdf_pg-17.jpg; BB:[86, 198, 594, 446]; rot:90
id:658; fname:ROI_0_Psic_024Ev1.pdf_pg-19.png; forig:Psic_024Ev1.pdf_pg-19.jpg; BB:[115, 52, 304, 365]; rot:0
id:659; fname:ROI_0_Psic_248Ev2.pdf_pg-34.png; forig:Psic_248Ev2.pdf_pg-34.jpg; BB:[74, 214, 278, 445]; rot:0
id:660; fname:ROI_0_Psic_205Ev4.pdf_pg-70.png; forig:Psic_205Ev4.pdf_pg-70.jpg; BB:[94, 388, 264, 439]; rot:0
id:661; fname:ROI_0_Psic_141Ev5.pdf_pg-25.png; forig:Psic_141Ev5.pdf_pg-25.jpg; BB:[44, 0, 313, 554]; rot:0
id:662; fname:ROI_0_Psic_320Ev4-r.png; forig:Psic_320Ev4-r.png; BB:[5, 22, 723, 648]; rot:90
id:663; fname:ROI_0_Psic_028Ev3.pdf_pg-17.png; forig:Psic_028Ev3.pdf_pg-17.jpg; BB:[88, 225, 498, 269]; rot:90
id:664; fname:ROI_0_Psic_217Ev2.pdf_pg-18.png; forig:Psic_217Ev2.pdf_pg-18.jpg; BB:[99, 267, 402, 277]; rot:90
id:665; fname:ROI_0_Psic_402Ev2.pdf_pg-14.png; forig:Psic_402Ev2.pdf_pg-14.jpg; BB:[246, 277, 406, 354]; rot:-90
id:666; fname:ROI_0_Psic_123Ev1.pdf_pg-20.png; forig:Psic_123Ev1.pdf_pg-20.jpg; BB:[75, 184, 386, 281]; rot:90
id:667; fname:ROI_0_Psic_324Ev1-r.png; forig:Psic_324Ev1-r.png; BB:[0, 0, 362, 530]; rot:180
id:668; fname:ROI_0_Psic_122Ev5.pdf_pg-27.png; forig:Psic_122Ev5.pdf_pg-27.jpg; BB:[27, 257, 458, 380]; rot:0
id:669; fname:ROI_0_Psic_102Ev5.pdf_pg-25.png; forig:Psic_102Ev5.pdf_pg-25.jpg; BB:[50, 472, 252, 270]; rot:90
id:670; fname:ROI_0_Psic_213Ev5.pdf_pg-28.png; forig:Psic_213Ev5.pdf_pg-28.jpg; BB:[237, 229, 421, 287]; rot:-90
id:671; fname:ROI_0_Psic_004Ev1.pdf_pg-19.png; forig:Psic_004Ev1.pdf_pg-19.jpg; BB:[138, 130, 454, 341]; rot:90
id:672; fname:ROI_0_Psic_002Ev1.pdf_pg-27.png; forig:Psic_002Ev1.pdf_pg-27.jpg; BB:[114, 151, 382, 264]; rot:90
id:673; fname:ROI_0_Psic_533Ev2-1.pdf_pg-24.png; forig:Psic_533Ev2-1.pdf_pg-24.jpg; BB:[77, 370, 256, 370]; rot:0
id:674; fname:ROI_0_Psic_225Ev4.pdf_pg-65.png; forig:Psic_225Ev4.pdf_pg-65.jpg; BB:[249, 227, 254, 355]; rot:0
id:675; fname:ROI_0_Psic_227Ev4.pdf_pg-26.png; forig:Psic_227Ev4.pdf_pg-26.jpg; BB:[83, 197, 572, 331]; rot:90
id:676; fname:ROI_0_Psic_527Ev3.pdf_pg-14.png; forig:Psic_527Ev3.pdf_pg-14.jpg; BB:[196, 202, 478, 352]; rot:-90
id:677; fname:ROI_0_Psic_322Ev4-r.png; forig:Psic_322Ev4-r.png; BB:[0, 4, 456, 583]; rot:0
id:678; fname:ROI_0_Psic_019Ev4b.pdf_pg-23.png; forig:Psic_019Ev4b.pdf_pg-23.jpg; BB:[73, 181, 387, 360]; rot:90
id:679; fname:ROI_0_Psic_129Ev4.pdf_pg-25.png; forig:Psic_129Ev4.pdf_pg-25.jpg; BB:[71, 149, 532, 385]; rot:-90
id:680; fname:ROI_0_Psic_030Ev1.pdf_pg-17.png; forig:Psic_030Ev1.pdf_pg-17.jpg; BB:[172, 231, 478, 307]; rot:-90
id:681; fname:ROI_0_Psic_504Ev3.pdf_pg-25.png; forig:Psic_504Ev3.pdf_pg-25.jpg; BB:[68, 84, 400, 494]; rot:0
id:682; fname:ROI_0_Psic_508Ev1.pdf_pg-23.png; forig:Psic_508Ev1.pdf_pg-23.jpg; BB:[53, 133, 424, 517]; rot:0
id:683; fname:ROI_0_Psic_223Ev1.pdf_pg-19.png; forig:Psic_223Ev1.pdf_pg-19.jpg; BB:[129, 162, 475, 383]; rot:90
id:684; fname:ROI_0_Psic_418Ev1.pdf_pg-21.png; forig:Psic_418Ev1.pdf_pg-21.jpg; BB:[81, 209, 509, 360]; rot:90
id:685; fname:ROI_0_Psic_424Ev4.pdf_pg-24.png; forig:Psic_424Ev4.pdf_pg-24.jpg; BB:[137, 266, 394, 278]; rot:90
id:686; fname:ROI_0_Psic_243Ev4.pdf_pg-29.png; forig:Psic_243Ev4.pdf_pg-29.jpg; BB:[33, 234, 250, 450]; rot:0
id:687; fname:ROI_0_Psic_523Ev1.pdf_pg-22.png; forig:Psic_523Ev1.pdf_pg-22.jpg; BB:[77, 169, 292, 449]; rot:0
id:688; fname:ROI_0_Psic_443Ev2.pdf_pg-25.png; forig:Psic_443Ev2.pdf_pg-25.jpg; BB:[78, 288, 369, 391]; rot:0
id:689; fname:ROI_0_Psic_326Ev3-r.png; forig:Psic_326Ev3-r.png; BB:[0, 31, 516, 362]; rot:90
id:690; fname:ROI_0_Psic_250Ev4.pdf_pg-28.png; forig:Psic_250Ev4.pdf_pg-28.jpg; BB:[116, 330, 331, 404]; rot:0
id:691; fname:ROI_0_Psic_346Ev2-r.png; forig:Psic_346Ev2-r.png; BB:[17, 1, 622, 452]; rot:90
id:692; fname:ROI_0_Psic_117Ev2.pdf_pg-17.png; forig:Psic_117Ev2.pdf_pg-17.jpg; BB:[124, 230, 424, 319]; rot:90
id:693; fname:ROI_0_Psic_427Ev4.pdf_pg-31.png; forig:Psic_427Ev4.pdf_pg-31.jpg; BB:[20, 169, 390, 274]; rot:90
id:694; fname:ROI_0_Psic_108Ev4.pdf_pg-24.png; forig:Psic_108Ev4.pdf_pg-24.jpg; BB:[109, 314, 428, 275]; rot:90
id:695; fname:ROI_0_Psic_225Ev4.pdf_pg-24.png; forig:Psic_225Ev4.pdf_pg-24.jpg; BB:[113, 281, 222, 366]; rot:0
id:696; fname:ROI_0_Psic_443Ev2.pdf_pg-26.png; forig:Psic_443Ev2.pdf_pg-26.jpg; BB:[74, 237, 339, 454]; rot:0
id:697; fname:ROI_0_Psic_125Ev4.pdf_pg-25.png; forig:Psic_125Ev4.pdf_pg-25.jpg; BB:[64, 251, 416, 306]; rot:90
id:698; fname:ROI_0_Psic_214Ev5.pdf_pg-28.png; forig:Psic_214Ev5.pdf_pg-28.jpg; BB:[0, 419, 390, 344]; rot:-90
id:699; fname:ROI_0_Psic_228Ev3.pdf_pg-18.png; forig:Psic_228Ev3.pdf_pg-18.jpg; BB:[445, 89, 284, 143]; rot:-90
id:700; fname:ROI_0_Psic_346Ev3-r.png; forig:Psic_346Ev3-r.png; BB:[0, 0, 581, 504]; rot:90
id:701; fname:ROI_0_Psic_522Ev3.pdf_pg-26.png; forig:Psic_522Ev3.pdf_pg-26.jpg; BB:[44, 42, 360, 499]; rot:0
id:702; fname:ROI_0_Psic_105Ev2.pdf_pg-18.png; forig:Psic_105Ev2.pdf_pg-18.jpg; BB:[76, 215, 563, 382]; rot:90
id:703; fname:ROI_0_Psic_404Ev2.pdf_pg-20.png; forig:Psic_404Ev2.pdf_pg-20.jpg; BB:[75, 244, 434, 335]; rot:90
id:704; fname:ROI_0_Psic_106Ev2.pdf_pg-18.png; forig:Psic_106Ev2.pdf_pg-18.jpg; BB:[175, 225, 393, 298]; rot:90
id:705; fname:ROI_0_Psic_229Ev3.pdf_pg-21.png; forig:Psic_229Ev3.pdf_pg-21.jpg; BB:[270, 124, 444, 289]; rot:-90
id:706; fname:ROI_0_Psic_205Ev4.pdf_pg-46.png; forig:Psic_205Ev4.pdf_pg-46.jpg; BB:[90, 106, 329, 329]; rot:90
id:707; fname:ROI_0_Psic_229Ev5.pdf_pg-27.png; forig:Psic_229Ev5.pdf_pg-27.jpg; BB:[180, 219, 210, 133]; rot:90
id:708; fname:ROI_0_Psic_104Ev4.pdf_pg-25.png; forig:Psic_104Ev4.pdf_pg-25.jpg; BB:[159, 308, 376, 281]; rot:90
id:709; fname:ROI_0_Psic_342Ev2-R.png; forig:Psic_342Ev2-R.png; BB:[26, 20, 551, 351]; rot:0
id:711; fname:ROI_0_Psic_010Ev1.pdf_pg-15.png; forig:Psic_010Ev1.pdf_pg-15.jpg; BB:[131, 215, 341, 432]; rot:0
id:712; fname:ROI_0_Psic_527Ev2.pdf_pg-26.png; forig:Psic_527Ev2.pdf_pg-26.jpg; BB:[0, 213, 341, 434]; rot:0
id:713; fname:ROI_0_Psic_247Ev4.pdf_pg-27.png; forig:Psic_247Ev4.pdf_pg-27.jpg; BB:[140, 105, 461, 372]; rot:-90
id:714; fname:ROI_0_Psic_433Ev1.pdf_pg-21.png; forig:Psic_433Ev1.pdf_pg-21.jpg; BB:[94, 291, 225, 361]; rot:0
id:715; fname:ROI_0_Psic_413Ev4.pdf_pg-21.png; forig:Psic_413Ev4.pdf_pg-21.jpg; BB:[165, 336, 336, 241]; rot:-90
id:716; fname:ROI_0_Psic_526Ev3.pdf_pg-23.png; forig:Psic_526Ev3.pdf_pg-23.jpg; BB:[115, 257, 289, 366]; rot:0
id:717; fname:ROI_0_Psic_404Ev4.pdf_pg-25.png; forig:Psic_404Ev4.pdf_pg-25.jpg; BB:[109, 256, 244, 393]; rot:0
id:718; fname:ROI_0_Psic_032Ev1.pdf_pg-18.png; forig:Psic_032Ev1.pdf_pg-18.jpg; BB:[66, 66, 328, 251]; rot:-90
id:720; fname:ROI_0_Psic_310Ev2-r.png; forig:Psic_310Ev2-r.png; BB:[0, 0, 414, 558]; rot:0
id:721; fname:ROI_0_Psic_226Ev1.pdf_pg-10.png; forig:Psic_226Ev1.pdf_pg-10.jpg; BB:[40, 331, 420, 285]; rot:90
id:722; fname:ROI_0_Psic_322Ev3-r.png; forig:Psic_322Ev3-r.png; BB:[0, 40, 410, 563]; rot:0
id:723; fname:ROI_0_Psic_128Ev1.pdf_pg-19.png; forig:Psic_128Ev1.pdf_pg-19.jpg; BB:[5, 225, 611, 476]; rot:90
id:725; fname:ROI_0_Psic_239Ev3.pdf_pg-34.png; forig:Psic_239Ev3.pdf_pg-34.jpg; BB:[93, 115, 200, 343]; rot:0
id:726; fname:ROI_0_Psic_326Ev1-r.png; forig:Psic_326Ev1-r.png; BB:[0, 8, 370, 576]; rot:0
id:727; fname:ROI_0_Psic_417Ev1.pdf_pg-21.png; forig:Psic_417Ev1.pdf_pg-21.jpg; BB:[81, 234, 473, 332]; rot:90
id:728; fname:ROI_0_Psic_113Ev4.pdf_pg-25.png; forig:Psic_113Ev4.pdf_pg-25.jpg; BB:[145, 161, 193, 317]; rot:0
id:730; fname:ROI_0_Psic_314Ev2-r.png; forig:Psic_314Ev2-r.png; BB:[8, 11, 470, 629]; rot:0
id:731; fname:ROI_0_Psic_436Ev1.pdf_pg-22.png; forig:Psic_436Ev1.pdf_pg-22.jpg; BB:[37, 136, 472, 529]; rot:0
id:732; fname:ROI_0_Psic_206Ev6.pdf_pg-33.png; forig:Psic_206Ev6.pdf_pg-33.jpg; BB:[164, 169, 269, 203]; rot:90
id:733; fname:ROI_0_Psic_218Ev4.pdf_pg-62.png; forig:Psic_218Ev4.pdf_pg-62.jpg; BB:[100, 329, 474, 302]; rot:90
id:734; fname:ROI_0_Psic_424Ev3.pdf_pg-34.png; forig:Psic_424Ev3.pdf_pg-34.jpg; BB:[124, 410, 258, 376]; rot:0
id:735; fname:ROI_0_Psic_218Ev1.pdf_pg-22.png; forig:Psic_218Ev1.pdf_pg-22.jpg; BB:[136, 64, 367, 406]; rot:0
id:736; fname:ROI_0_Psic_529Ev3.pdf_pg-22.png; forig:Psic_529Ev3.pdf_pg-22.jpg; BB:[74, 114, 312, 386]; rot:0
id:737; fname:ROI_0_Psic_340Ev1-r.png; forig:Psic_340Ev1-r.png; BB:[16, 23, 487, 418]; rot:90
id:738; fname:ROI_0_Psic_332Ev3-r.png; forig:Psic_332Ev3-r.png; BB:[0, 0, 627, 400]; rot:90
id:739; fname:ROI_0_Psic_404Ev2.pdf_pg-19.png; forig:Psic_404Ev2.pdf_pg-19.jpg; BB:[131, 109, 514, 425]; rot:-90
id:740; fname:ROI_0_Psic_108Ev5.pdf_pg-31.png; forig:Psic_108Ev5.pdf_pg-31.jpg; BB:[102, 259, 329, 411]; rot:0
id:741; fname:ROI_0_Psic_425Ev4.pdf_pg-24.png; forig:Psic_425Ev4.pdf_pg-24.jpg; BB:[116, 73, 338, 404]; rot:0
id:742; fname:ROI_0_Psic_502Ev1.pdf_pg-19.png; forig:Psic_502Ev1.pdf_pg-19.jpg; BB:[158, 441, 342, 227]; rot:90
id:743; fname:ROI_0_Psic_414Ev3.pdf_pg-34.png; forig:Psic_414Ev3.pdf_pg-34.jpg; BB:[151, 368, 310, 385]; rot:0
id:744; fname:ROI_0_Psic_106Ev5.pdf_pg-28.png; forig:Psic_106Ev5.pdf_pg-28.jpg; BB:[78, 224, 393, 253]; rot:90
id:746; fname:ROI_0_Psic_118Ev4.pdf_pg-22.png; forig:Psic_118Ev4.pdf_pg-22.jpg; BB:[149, 164, 538, 349]; rot:90
id:747; fname:ROI_0_Psic_404Ev4.pdf_pg-24.png; forig:Psic_404Ev4.pdf_pg-24.jpg; BB:[58, 358, 382, 293]; rot:90
id:748; fname:ROI_0_Psic_112Ev5.pdf_pg-24.png; forig:Psic_112Ev5.pdf_pg-24.jpg; BB:[41, 216, 303, 320]; rot:0
id:749; fname:ROI_0_Psic_117Ev5.pdf_pg-26.png; forig:Psic_117Ev5.pdf_pg-26.jpg; BB:[75, 78, 326, 287]; rot:-90
id:750; fname:ROI_0_Psic_413Ev2.pdf_pg-20.png; forig:Psic_413Ev2.pdf_pg-20.jpg; BB:[50, 255, 323, 292]; rot:90
id:751; fname:ROI_0_Psic_423Ev1.pdf_pg-20.png; forig:Psic_423Ev1.pdf_pg-20.jpg; BB:[170, 198, 413, 317]; rot:90
id:752; fname:ROI_0_Psic_021Ev2.pdf_pg-17.png; forig:Psic_021Ev2.pdf_pg-17.jpg; BB:[114, 219, 485, 486]; rot:90
id:753; fname:ROI_0_Psic_427Ev4.pdf_pg-24.png; forig:Psic_427Ev4.pdf_pg-24.jpg; BB:[118, 72, 363, 403]; rot:0
id:754; fname:ROI_0_Psic_532Ev2.pdf_pg-24.png; forig:Psic_532Ev2.pdf_pg-24.jpg; BB:[68, 123, 310, 377]; rot:0
id:755; fname:ROI_0_Psic_027Ev2.pdf_pg-19.png; forig:Psic_027Ev2.pdf_pg-19.jpg; BB:[64, 295, 396, 246]; rot:90
id:756; fname:ROI_0_Psic_321Ev4-r.png; forig:Psic_321Ev4-r.png; BB:[0, 15, 454, 690]; rot:0
id:758; fname:ROI_0_Psic_325Ev2-r.png; forig:Psic_325Ev2-r.png; BB:[0, 2, 537, 336]; rot:90
id:759; fname:ROI_0_Psic_041Ev2.pdf_pg-20.png; forig:Psic_041Ev2.pdf_pg-20.jpg; BB:[141, 220, 450, 308]; rot:-90
id:760; fname:ROI_0_Psic_009Ev1.pdf_pg-24.png; forig:Psic_009Ev1.pdf_pg-24.jpg; BB:[54, 289, 451, 294]; rot:90
id:761; fname:ROI_0_Psic_029Ev4.pdf_pg-24.png; forig:Psic_029Ev4.pdf_pg-24.jpg; BB:[145, 305, 327, 233]; rot:90
id:762; fname:ROI_0_Psic_132Ev3.pdf_pg-20.png; forig:Psic_132Ev3.pdf_pg-20.jpg; BB:[120, 134, 411, 252]; rot:90
id:763; fname:ROI_0_Psic_248Ev4.pdf_pg-24.png; forig:Psic_248Ev4.pdf_pg-24.jpg; BB:[95, 114, 321, 329]; rot:0
id:764; fname:ROI_0_Psic_208Ev1.pdf_pg-8.png; forig:Psic_208Ev1.pdf_pg-8.jpg; BB:[25, 308, 279, 368]; rot:180
id:765; fname:ROI_0_Psic_034Ev4.pdf_pg-25.png; forig:Psic_034Ev4.pdf_pg-25.jpg; BB:[0, 269, 264, 420]; rot:0
id:766; fname:ROI_0_Psic_205Ev3.pdf_pg-22.png; forig:Psic_205Ev3.pdf_pg-22.jpg; BB:[43, 264, 419, 292]; rot:90
id:767; fname:ROI_0_Psic_408Ev3.pdf_pg-35.png; forig:Psic_408Ev3.pdf_pg-35.jpg; BB:[123, 174, 391, 365]; rot:0
id:768; fname:ROI_0_Psic_109Ev3.pdf_pg-20.png; forig:Psic_109Ev3.pdf_pg-20.jpg; BB:[27, 280, 510, 446]; rot:-90
id:769; fname:ROI_0_Psic_112Ev4.pdf_pg-24.png; forig:Psic_112Ev4.pdf_pg-24.jpg; BB:[72, 305, 348, 428]; rot:0
id:770; fname:ROI_0_Psic_246Ev2.pdf_pg-17.png; forig:Psic_246Ev2.pdf_pg-17.jpg; BB:[168, 471, 330, 364]; rot:90
id:771; fname:ROI_0_Psic_244Ev3.pdf_pg-18.png; forig:Psic_244Ev3.pdf_pg-18.jpg; BB:[90, 245, 463, 288]; rot:90
id:772; fname:ROI_0_Psic_427Ev5.pdf_pg-37.png; forig:Psic_427Ev5.pdf_pg-37.jpg; BB:[59, 280, 209, 303]; rot:180
id:773; fname:ROI_0_Psic_408Ev5.pdf_pg-28.png; forig:Psic_408Ev5.pdf_pg-28.jpg; BB:[0, 305, 531, 316]; rot:90
id:774; fname:ROI_0_Psic_040Ev2.pdf_pg-20.png; forig:Psic_040Ev2.pdf_pg-20.jpg; BB:[75, 225, 428, 312]; rot:90
id:775; fname:ROI_0_Psic_310Ev3-r.png; forig:Psic_310Ev3-r.png; BB:[0, 22, 369, 507]; rot:0
id:776; fname:ROI_0_Psic_416Ev1.pdf_pg-19.png; forig:Psic_416Ev1.pdf_pg-19.jpg; BB:[211, 315, 393, 271]; rot:90
id:777; fname:ROI_0_Psic_113Ev2.pdf_pg-21.png; forig:Psic_113Ev2.pdf_pg-21.jpg; BB:[49, 301, 461, 349]; rot:90
id:778; fname:ROI_0_Psic_002Ev2.pdf_pg-21.png; forig:Psic_002Ev2.pdf_pg-21.jpg; BB:[118, 211, 479, 392]; rot:90
id:779; fname:ROI_0_Psic_307Ev4-R.png; forig:Psic_307Ev4-R.png; BB:[1, 0, 400, 474]; rot:0
id:780; fname:ROI_0_Psic_201Ev5.pdf_pg-26.png; forig:Psic_201Ev5.pdf_pg-26.jpg; BB:[45, 168, 563, 556]; rot:90
id:781; fname:ROI_0_Psic_437Ev2.pdf_pg-22.png; forig:Psic_437Ev2.pdf_pg-22.jpg; BB:[93, 201, 340, 463]; rot:0
id:782; fname:ROI_0_Psic_222Ev3.pdf_pg-21.png; forig:Psic_222Ev3.pdf_pg-21.jpg; BB:[173, 254, 301, 319]; rot:-90
id:783; fname:ROI_0_Psic_402Ev1.pdf_pg-11.png; forig:Psic_402Ev1.pdf_pg-11.jpg; BB:[216, 267, 378, 276]; rot:90
id:784; fname:ROI_0_Psic_241Ev1.pdf_pg-34.png; forig:Psic_241Ev1.pdf_pg-34.jpg; BB:[242, 194, 467, 276]; rot:-90
id:785; fname:ROI_0_Psic_318Ev1-r.png; forig:Psic_318Ev1-r.png; BB:[0, 9, 474, 589]; rot:180
id:786; fname:ROI_0_Psic_234Ev1.pdf_pg-34.png; forig:Psic_234Ev1.pdf_pg-34.jpg; BB:[161, 261, 390, 290]; rot:90
id:788; fname:ROI_0_Psic_109ev2.pdf_pg-21.png; forig:Psic_109ev2.pdf_pg-21.jpg; BB:[100, 158, 380, 300]; rot:90
id:789; fname:ROI_0_Psic_210Ev1.pdf_pg-26.png; forig:Psic_210Ev1.pdf_pg-26.jpg; BB:[99, 137, 344, 263]; rot:90
id:790; fname:ROI_0_Psic_250Ev1.pdf_pg-36.png; forig:Psic_250Ev1.pdf_pg-36.jpg; BB:[72, 396, 226, 363]; rot:0
id:791; fname:ROI_0_Psic_027Ev4.pdf_pg-18.png; forig:Psic_027Ev4.pdf_pg-18.jpg; BB:[82, 448, 279, 243]; rot:90
id:792; fname:ROI_0_Psic_113Ev1.pdf_pg-7.png; forig:Psic_113Ev1.pdf_pg-7.jpg; BB:[133, 95, 369, 333]; rot:90
id:793; fname:ROI_0_Psic_041Ev4.pdf_pg-28.png; forig:Psic_041Ev4.pdf_pg-28.jpg; BB:[61, 353, 338, 470]; rot:0
id:794; fname:ROI_0_Psic_331Ev4-r.png; forig:Psic_331Ev4-r.png; BB:[26, 23, 476, 339]; rot:90
id:795; fname:ROI_0_Psic_117Ev3.pdf_pg-17.png; forig:Psic_117Ev3.pdf_pg-17.jpg; BB:[34, 43, 642, 574]; rot:90
id:796; fname:ROI_0_Psic_107Ev3.pdf_pg-20.png; forig:Psic_107Ev3.pdf_pg-20.jpg; BB:[39, 196, 381, 298]; rot:90
id:797; fname:ROI_0_Psic_313Ev2-r.png; forig:Psic_313Ev2-r.png; BB:[0, 12, 663, 554]; rot:90
id:798; fname:ROI_0_Psic_421Ev4.pdf_pg-25.png; forig:Psic_421Ev4.pdf_pg-25.jpg; BB:[0, 293, 431, 299]; rot:90
id:799; fname:ROI_0_Psic_004Ev5.pdf_pg-27.png; forig:Psic_004Ev5.pdf_pg-27.jpg; BB:[20, 237, 355, 532]; rot:0
id:800; fname:ROI_0_Psic_422Ev4.pdf_pg-26.png; forig:Psic_422Ev4.pdf_pg-26.jpg; BB:[82, 319, 334, 402]; rot:0
id:802; fname:ROI_0_Psic_302Ev1-r.png; forig:Psic_302Ev1-r.png; BB:[0, 0, 470, 404]; rot:90
id:803; fname:ROI_0_Psic_101Ev3.pdf_pg-20.png; forig:Psic_101Ev3.pdf_pg-20.jpg; BB:[123, 231, 421, 266]; rot:90
id:804; fname:ROI_0_Psic_429Ev2.pdf_pg-31.png; forig:Psic_429Ev2.pdf_pg-31.jpg; BB:[134, 179, 676, 454]; rot:90
id:805; fname:ROI_0_Psic_517Ev2.pdf_pg-22.png; forig:Psic_517Ev2.pdf_pg-22.jpg; BB:[84, 230, 422, 355]; rot:90
id:806; fname:ROI_0_Psic_108Ev4.pdf_pg-25.png; forig:Psic_108Ev4.pdf_pg-25.jpg; BB:[11, 360, 428, 295]; rot:90
id:807; fname:ROI_0_Psic_244Ev2.pdf_pg-36.png; forig:Psic_244Ev2.pdf_pg-36.jpg; BB:[0, 7, 468, 511]; rot:90
id:809; fname:ROI_0_Psic_228Ev4.pdf_pg-24.png; forig:Psic_228Ev4.pdf_pg-24.jpg; BB:[26, 599, 200, 142]; rot:90
id:811; fname:ROI_0_Psic_336Ev3-r.png; forig:Psic_336Ev3-r.png; BB:[0, 4, 620, 443]; rot:90
id:812; fname:ROI_0_Psic_513Ev3.pdf_pg-20.png; forig:Psic_513Ev3.pdf_pg-20.jpg; BB:[48, 213, 498, 345]; rot:90
id:813; fname:ROI_0_Psic_415Ev2.pdf_pg-20.png; forig:Psic_415Ev2.pdf_pg-20.jpg; BB:[115, 48, 510, 332]; rot:90
id:814; fname:ROI_0_Psic_333Ev1-r.png; forig:Psic_333Ev1-r.png; BB:[0, 0, 625, 469]; rot:90
id:815; fname:ROI_0_Psic_202Ev2.pdf_pg-18.png; forig:Psic_202Ev2.pdf_pg-18.jpg; BB:[117, 295, 408, 321]; rot:90
id:816; fname:ROI_0_Psic_016Ev2.pdf_pg-18.png; forig:Psic_016Ev2.pdf_pg-18.jpg; BB:[128, 182, 499, 309]; rot:90
id:817; fname:ROI_0_Psic_205Ev4.pdf_pg-48.png; forig:Psic_205Ev4.pdf_pg-48.jpg; BB:[43, 452, 362, 283]; rot:90
id:818; fname:ROI_0_Psic_427Ev1.pdf_pg-20.png; forig:Psic_427Ev1.pdf_pg-20.jpg; BB:[197, 138, 411, 284]; rot:90
id:819; fname:ROI_0_Psic_509Ev3.pdf_pg-24.png; forig:Psic_509Ev3.pdf_pg-24.jpg; BB:[118, 58, 311, 406]; rot:0
id:820; fname:ROI_0_Psic_103Ev5.pdf_pg-26.png; forig:Psic_103Ev5.pdf_pg-26.jpg; BB:[42, 275, 393, 533]; rot:0
id:821; fname:ROI_0_Psic_341Ev3-r.png; forig:Psic_341Ev3-r.png; BB:[9, 19, 413, 361]; rot:90
id:822; fname:ROI_0_Psic_328Ev1-R.png; forig:Psic_328Ev1-R.png; BB:[23, 22, 369, 653]; rot:180
id:823; fname:ROI_0_Psic_015Ev3.pdf_pg-35.png; forig:Psic_015Ev3.pdf_pg-35.jpg; BB:[71, 78, 447, 425]; rot:90
id:824; fname:ROI_0_Psic_213Ev4.pdf_pg-25.png; forig:Psic_213Ev4.pdf_pg-25.jpg; BB:[95, 110, 242, 373]; rot:0
id:825; fname:ROI_0_Psic_311 f3Ev2-r.png; forig:Psic_311 f3Ev2-r.png; BB:[0, 0, 611, 466]; rot:90
id:826; fname:ROI_0_Psic_135Ev5.pdf_pg-26.png; forig:Psic_135Ev5.pdf_pg-26.jpg; BB:[58, 148, 393, 511]; rot:0
id:827; fname:ROI_0_Psic_533Ev1.pdf_pg-33.png; forig:Psic_533Ev1.pdf_pg-33.jpg; BB:[110, 233, 408, 303]; rot:90
id:828; fname:ROI_0_Psic_422Ev3.pdf_pg-34.png; forig:Psic_422Ev3.pdf_pg-34.jpg; BB:[135, 246, 456, 324]; rot:-90
id:829; fname:ROI_0_Psic_039Ev1.pdf_pg-18.png; forig:Psic_039Ev1.pdf_pg-18.jpg; BB:[195, 198, 391, 249]; rot:-90
id:830; fname:ROI_0_Psic_440Ev2.pdf_pg-23.png; forig:Psic_440Ev2.pdf_pg-23.jpg; BB:[74, 230, 297, 513]; rot:0
id:831; fname:ROI_0_Psic_135Ev5.pdf_pg-27.png; forig:Psic_135Ev5.pdf_pg-27.jpg; BB:[88, 161, 601, 409]; rot:-90
id:832; fname:ROI_0_Psic_503Ev3.pdf_pg-24.png; forig:Psic_503Ev3.pdf_pg-24.jpg; BB:[87, 180, 444, 517]; rot:0
id:835; fname:ROI_0_Psic_424Ev1.pdf_pg-21.png; forig:Psic_424Ev1.pdf_pg-21.jpg; BB:[144, 199, 453, 338]; rot:90
id:836; fname:ROI_0_Psic_130Ev1.pdf_pg-18.png; forig:Psic_130Ev1.pdf_pg-18.jpg; BB:[126, 127, 263, 299]; rot:0
id:837; fname:ROI_0_Psic_203Ev3.pdf_pg-21.png; forig:Psic_203Ev3.pdf_pg-21.jpg; BB:[38, 121, 312, 508]; rot:0
id:838; fname:ROI_0_Psic_005Ev3.pdf_pg-32.png; forig:Psic_005Ev3.pdf_pg-32.jpg; BB:[132, 267, 375, 308]; rot:90
id:841; fname:ROI_0_Psic_042Ev4.pdf_pg-25.png; forig:Psic_042Ev4.pdf_pg-25.jpg; BB:[159, 205, 502, 358]; rot:-90
id:842; fname:ROI_0_Psic_208Ev2.pdf_pg-36.png; forig:Psic_208Ev2.pdf_pg-36.jpg; BB:[108, 286, 299, 368]; rot:0
id:843; fname:ROI_0_Psic_102Ev5.pdf_pg-24.png; forig:Psic_102Ev5.pdf_pg-24.jpg; BB:[11, 426, 320, 298]; rot:90
id:844; fname:ROI_0_Psic_225Ev5.pdf_pg-25.png; forig:Psic_225Ev5.pdf_pg-25.jpg; BB:[175, 159, 328, 400]; rot:0
id:845; fname:ROI_0_Psic_401Ev5.pdf_pg-27.png; forig:Psic_401Ev5.pdf_pg-27.jpg; BB:[7, 348, 457, 295]; rot:90
id:846; fname:ROI_0_Psic_441Ev2.pdf_pg-22.png; forig:Psic_441Ev2.pdf_pg-22.jpg; BB:[87, 351, 338, 422]; rot:0
id:848; fname:ROI_0_Psic_409Ev1.pdf_pg-35.png; forig:Psic_409Ev1.pdf_pg-35.jpg; BB:[0, 264, 484, 233]; rot:90
id:849; fname:ROI_0_Psic_141Ev3.pdf_pg-17.png; forig:Psic_141Ev3.pdf_pg-17.jpg; BB:[14, 307, 478, 263]; rot:90
id:850; fname:ROI_0_Psic_233Ev2.pdf_pg-21.png; forig:Psic_233Ev2.pdf_pg-21.jpg; BB:[66, 233, 254, 358]; rot:0
id:851; fname:ROI_0_Psic_324Ev5-r.png; forig:Psic_324Ev5-r.png; BB:[29, 0, 586, 433]; rot:90
id:852; fname:ROI_0_Psic_204Ev1.pdf_pg-15.png; forig:Psic_204Ev1.pdf_pg-15.jpg; BB:[0, 164, 439, 461]; rot:90
id:853; fname:ROI_0_Psic_301Ev2-r.png; forig:Psic_301Ev2-r.png; BB:[15, 12, 487, 403]; rot:-90
id:854; fname:ROI_0_Psic_311 f3Ev1-r.png; forig:Psic_311 f3Ev1-r.png; BB:[24, 20, 389, 657]; rot:180
id:855; fname:ROI_0_Psic_518Ev2.pdf_pg-25.png; forig:Psic_518Ev2.pdf_pg-25.jpg; BB:[132, 264, 409, 310]; rot:90
id:856; fname:ROI_0_Psic_434Ev4.pdf_pg-28.png; forig:Psic_434Ev4.pdf_pg-28.jpg; BB:[57, 181, 317, 289]; rot:90
id:857; fname:ROI_0_Psic_213Ev2.pdf_pg-18.png; forig:Psic_213Ev2.pdf_pg-18.jpg; BB:[13, 96, 300, 397]; rot:0
id:859; fname:ROI_0_Psic_011Ev5.pdf_pg-25.png; forig:Psic_011Ev5.pdf_pg-25.jpg; BB:[63, 73, 368, 479]; rot:0
id:860; fname:ROI_0_Psic_434Ev1.pdf_pg-21.png; forig:Psic_434Ev1.pdf_pg-21.jpg; BB:[117, 317, 328, 331]; rot:90
id:861; fname:ROI_0_Psic_435Ev2.pdf_pg-23.png; forig:Psic_435Ev2.pdf_pg-23.jpg; BB:[37, 99, 298, 319]; rot:0
id:862; fname:ROI_0_Psic_405Ev1.pdf_pg-42.png; forig:Psic_405Ev1.pdf_pg-42.jpg; BB:[239, 176, 392, 255]; rot:90
id:863; fname:ROI_0_Psic_220Ev4.pdf_pg-63.png; forig:Psic_220Ev4.pdf_pg-63.jpg; BB:[43, 290, 562, 508]; rot:0
id:864; fname:ROI_0_Psic_128Ev2.pdf_pg-18.png; forig:Psic_128Ev2.pdf_pg-18.jpg; BB:[213, 138, 417, 312]; rot:-90
id:865; fname:ROI_0_Psic_033Ev1.pdf_pg-18.png; forig:Psic_033Ev1.pdf_pg-18.jpg; BB:[251, 129, 388, 297]; rot:-90
id:866; fname:ROI_0_Psic_433Ev4.pdf_pg-28.png; forig:Psic_433Ev4.pdf_pg-28.jpg; BB:[97, 316, 228, 359]; rot:0
id:867; fname:ROI_0_Psic_431Ev1.pdf_pg-21.png; forig:Psic_431Ev1.pdf_pg-21.jpg; BB:[169, 167, 325, 205]; rot:90
id:869; fname:ROI_0_Psic_024Ev2.pdf_pg-18.png; forig:Psic_024Ev2.pdf_pg-18.jpg; BB:[107, 151, 386, 313]; rot:90
id:870; fname:ROI_0_Psic_238Ev5.pdf_pg-23.png; forig:Psic_238Ev5.pdf_pg-23.jpg; BB:[96, 206, 298, 337]; rot:0
id:871; fname:ROI_0_Psic_216Ev1.pdf_pg-6.png; forig:Psic_216Ev1.pdf_pg-6.jpg; BB:[26, 423, 223, 196]; rot:90
id:872; fname:ROI_0_Psic_531Ev2.pdf_pg-20.png; forig:Psic_531Ev2.pdf_pg-20.jpg; BB:[102, 57, 326, 393]; rot:0
id:874; fname:ROI_0_Psic_210Ev4.pdf_pg-25.png; forig:Psic_210Ev4.pdf_pg-25.jpg; BB:[127, 197, 320, 427]; rot:0
id:875; fname:ROI_0_Psic_042Ev4.pdf_pg-23.png; forig:Psic_042Ev4.pdf_pg-23.jpg; BB:[164, 153, 489, 355]; rot:-90
id:878; fname:ROI_0_Psic_505Ev3.pdf_pg-25.png; forig:Psic_505Ev3.pdf_pg-25.jpg; BB:[92, 207, 504, 506]; rot:0
id:879; fname:ROI_0_Psic_207Ev2.pdf_pg-22.png; forig:Psic_207Ev2.pdf_pg-22.jpg; BB:[131, 321, 319, 411]; rot:0
id:880; fname:ROI_0_Psic_212Ev2.pdf_pg-21.png; forig:Psic_212Ev2.pdf_pg-21.jpg; BB:[85, 151, 428, 321]; rot:90
id:881; fname:ROI_0_Psic_241Ev5.pdf_pg-27.png; forig:Psic_241Ev5.pdf_pg-27.jpg; BB:[81, 37, 319, 512]; rot:0
id:882; fname:ROI_0_Psic_124Ev3.pdf_pg-17.png; forig:Psic_124Ev3.pdf_pg-17.jpg; BB:[46, 376, 265, 237]; rot:90
id:883; fname:ROI_0_Psic_316Ev3-R.png; forig:Psic_316Ev3-R.png; BB:[0, 2, 568, 645]; rot:0
id:885; fname:ROI_0_Psic_411Ev3.pdf_pg-34.png; forig:Psic_411Ev3.pdf_pg-34.jpg; BB:[125, 277, 354, 425]; rot:0
id:886; fname:ROI_0_Psic_346Ev1-r.png; forig:Psic_346Ev1-r.png; BB:[4, 26, 490, 678]; rot:0
id:887; fname:ROI_0_Psic_327Ev1-r.png; forig:Psic_327Ev1-r.png; BB:[0, 32, 458, 454]; rot:90
id:888; fname:ROI_0_Psic_213Ev4.pdf_pg-31.png; forig:Psic_213Ev4.pdf_pg-31.jpg; BB:[90, 293, 465, 303]; rot:90
id:889; fname:ROI_0_Psic_118Ev4.pdf_pg-23.png; forig:Psic_118Ev4.pdf_pg-23.jpg; BB:[101, 189, 503, 307]; rot:-90
id:890; fname:ROI_0_Psic_041Ev1.pdf_pg-18.png; forig:Psic_041Ev1.pdf_pg-18.jpg; BB:[124, 183, 433, 280]; rot:90
id:891; fname:ROI_0_Psic_303Ev2-r.png; forig:Psic_303Ev2-r.png; BB:[10, 17, 510, 372]; rot:90
id:892; fname:ROI_0_Psic_348Ev3-r.png; forig:Psic_348Ev3-r.png; BB:[31, 3, 684, 468]; rot:-90
id:893; fname:ROI_0_Psic_024Ev3.pdf_pg-19.png; forig:Psic_024Ev3.pdf_pg-19.jpg; BB:[31, 81, 243, 333]; rot:0
id:894; fname:ROI_0_Psic_244Ev2.pdf_pg-20.png; forig:Psic_244Ev2.pdf_pg-20.jpg; BB:[31, 231, 320, 319]; rot:90
id:895; fname:ROI_0_Psic_303Ev5-r.png; forig:Psic_303Ev5-r.png; BB:[7, 12, 485, 330]; rot:-90
id:896; fname:ROI_0_Psic_038Ev1.pdf_pg-18.png; forig:Psic_038Ev1.pdf_pg-18.jpg; BB:[84, 296, 409, 284]; rot:90
id:897; fname:ROI_0_Psic_140Ev3.pdf_pg-17.png; forig:Psic_140Ev3.pdf_pg-17.jpg; BB:[135, 354, 370, 214]; rot:90
id:898; fname:ROI_0_Psic_139Ev1.pdf_pg-21.png; forig:Psic_139Ev1.pdf_pg-21.jpg; BB:[72, 124, 250, 202]; rot:-90
id:899; fname:ROI_0_Psic_129Ev5.pdf_pg-27.png; forig:Psic_129Ev5.pdf_pg-27.jpg; BB:[127, 255, 382, 389]; rot:0
id:900; fname:ROI_0_Psic_141Ev2.pdf_pg-17.png; forig:Psic_141Ev2.pdf_pg-17.jpg; BB:[20, 111, 604, 386]; rot:90
id:901; fname:ROI_0_Psic_241Ev4.pdf_pg-25.png; forig:Psic_241Ev4.pdf_pg-25.jpg; BB:[126, 280, 414, 306]; rot:90
id:902; fname:ROI_0_Psic_250Ev3.pdf_pg-18.png; forig:Psic_250Ev3.pdf_pg-18.jpg; BB:[61, 230, 501, 353]; rot:90
id:903; fname:ROI_0_Psic_401Ev1.pdf_pg-14.png; forig:Psic_401Ev1.pdf_pg-14.jpg; BB:[144, 324, 396, 395]; rot:180
id:904; fname:ROI_0_Psic_228Ev5.pdf_pg-25.png; forig:Psic_228Ev5.pdf_pg-25.jpg; BB:[164, 436, 279, 249]; rot:90
id:905; fname:ROI_0_Psic_028Ev1.pdf_pg-22.png; forig:Psic_028Ev1.pdf_pg-22.jpg; BB:[105, 309, 306, 296]; rot:90
id:906; fname:ROI_0_Psic_227Ev3.pdf_pg-19.png; forig:Psic_227Ev3.pdf_pg-19.jpg; BB:[66, 140, 486, 305]; rot:90
id:907; fname:ROI_0_Psic_331Ev3-r.png; forig:Psic_331Ev3-r.png; BB:[10, 30, 517, 341]; rot:90
id:909; fname:ROI_0_Psic_244Ev4.pdf_pg-28.png; forig:Psic_244Ev4.pdf_pg-28.jpg; BB:[78, 167, 383, 296]; rot:90
id:910; fname:ROI_0_Psic_132Ev5.pdf_pg-26.png; forig:Psic_132Ev5.pdf_pg-26.jpg; BB:[47, 238, 234, 320]; rot:90
id:911; fname:ROI_0_Psic_440Ev1.pdf_pg-22.png; forig:Psic_440Ev1.pdf_pg-22.jpg; BB:[85, 192, 343, 447]; rot:0
id:912; fname:ROI_0_Psic_522Ev2.pdf_pg-18.png; forig:Psic_522Ev2.pdf_pg-18.jpg; BB:[144, 238, 434, 352]; rot:-90
id:913; fname:ROI_0_Psic_514Ev2.pdf_pg-22.png; forig:Psic_514Ev2.pdf_pg-22.jpg; BB:[120, 269, 297, 381]; rot:0
id:914; fname:ROI_0_Psic_220Ev5.pdf_pg-28.png; forig:Psic_220Ev5.pdf_pg-28.jpg; BB:[79, 209, 510, 339]; rot:-90
id:915; fname:ROI_0_Psic_432Ev1.pdf_pg-21.png; forig:Psic_432Ev1.pdf_pg-21.jpg; BB:[153, 225, 400, 297]; rot:90
id:916; fname:ROI_0_Psic_216Ev2.pdf_pg-18.png; forig:Psic_216Ev2.pdf_pg-18.jpg; BB:[344, 246, 298, 246]; rot:0
id:917; fname:ROI_0_Psic_304Ev1-r.png; forig:Psic_304Ev1-r.png; BB:[8, 32, 721, 473]; rot:90
id:918; fname:ROI_0_Psic_008Ev3.pdf_pg-18.png; forig:Psic_008Ev3.pdf_pg-18.jpg; BB:[19, 7, 317, 379]; rot:0
id:919; fname:ROI_0_Psic_444Ev2.pdf_pg-22.png; forig:Psic_444Ev2.pdf_pg-22.jpg; BB:[54, 311, 396, 462]; rot:0
id:921; fname:ROI_0_Psic_027Ev3.pdf_pg-18.png; forig:Psic_027Ev3.pdf_pg-18.jpg; BB:[442, 269, 199, 112]; rot:-90
id:922; fname:ROI_0_Psic_249Ev1.pdf_pg-34.png; forig:Psic_249Ev1.pdf_pg-34.jpg; BB:[59, 386, 301, 352]; rot:0
id:923; fname:ROI_0_Psic_115Ev2.pdf_pg-21.png; forig:Psic_115Ev2.pdf_pg-21.jpg; BB:[182, 328, 383, 311]; rot:90
id:924; fname:ROI_0_Psic_318Ev3-r.png; forig:Psic_318Ev3-r.png; BB:[7, 11, 666, 463]; rot:90
id:925; fname:ROI_0_Psic_033Ev5.pdf_pg-32.png; forig:Psic_033Ev5.pdf_pg-32.jpg; BB:[96, 248, 434, 300]; rot:90
id:926; fname:ROI_0_Psic_428Ev4.pdf_pg-24.png; forig:Psic_428Ev4.pdf_pg-24.jpg; BB:[140, 214, 312, 395]; rot:0
id:927; fname:ROI_0_Psic_107Ev4.pdf_pg-23.png; forig:Psic_107Ev4.pdf_pg-23.jpg; BB:[51, 289, 335, 252]; rot:90
id:928; fname:ROI_0_Psic_110Ev4.pdf_pg-22.png; forig:Psic_110Ev4.pdf_pg-22.jpg; BB:[52, 182, 501, 490]; rot:0
id:929; fname:ROI_0_Psic_423Ev4.pdf_pg-25.png; forig:Psic_423Ev4.pdf_pg-25.jpg; BB:[135, 376, 350, 279]; rot:90
id:930; fname:ROI_0_Psic_320Ev5-r.png; forig:Psic_320Ev5-r.png; BB:[0, 16, 671, 637]; rot:0
id:931; fname:ROI_0_Psic_110Ev1.pdf_pg-6.png; forig:Psic_110Ev1.pdf_pg-6.jpg; BB:[113, 225, 416, 308]; rot:90
id:932; fname:ROI_0_Psic_139Ev2.pdf_pg-18.png; forig:Psic_139Ev2.pdf_pg-18.jpg; BB:[122, 21, 326, 302]; rot:0
id:933; fname:ROI_0_Psic_425Ev2.pdf_pg-34.png; forig:Psic_425Ev2.pdf_pg-34.jpg; BB:[2, 149, 691, 594]; rot:0
id:934; fname:ROI_0_Psic_512Ev5.pdf_pg-25.png; forig:Psic_512Ev5.pdf_pg-25.jpg; BB:[97, 48, 319, 445]; rot:0
id:935; fname:ROI_0_Psic_238Ev4.pdf_pg-24.png; forig:Psic_238Ev4.pdf_pg-24.jpg; BB:[221, 427, 210, 284]; rot:0
id:936; fname:ROI_0_Psic_512Ev1.pdf_pg-20.png; forig:Psic_512Ev1.pdf_pg-20.jpg; BB:[42, 219, 327, 448]; rot:0
id:937; fname:ROI_0_Psic_225Ev4.pdf_pg-67.png; forig:Psic_225Ev4.pdf_pg-67.jpg; BB:[80, 369, 261, 209]; rot:90
id:938; fname:ROI_0_Psic_324Ev2-r.png; forig:Psic_324Ev2-r.png; BB:[0, 12, 638, 413]; rot:90
id:939; fname:ROI_0_Psic_206Ev2.pdf_pg-5.png; forig:Psic_206Ev2.pdf_pg-5.jpg; BB:[150, 225, 212, 306]; rot:0
id:940; fname:ROI_0_Psic_501Ev3-1.pdf_pg-21.png; forig:Psic_501Ev3-1.pdf_pg-21.jpg; BB:[115, 165, 467, 355]; rot:90
id:941; fname:ROI_0_Psic_121Ev2.pdf_pg-21.png; forig:Psic_121Ev2.pdf_pg-21.jpg; BB:[126, 251, 390, 269]; rot:90
id:944; fname:ROI_0_Psic_307Ev6-R.png; forig:Psic_307Ev6-R.png; BB:[0, 52, 604, 421]; rot:90
id:945; fname:ROI_0_Psic_243v2.pdf_pg-17.png; forig:Psic_243v2.pdf_pg-17.jpg; BB:[116, 80, 276, 359]; rot:0
id:946; fname:ROI_0_Psic_430Ev2.pdf_pg-20.png; forig:Psic_430Ev2.pdf_pg-20.jpg; BB:[132, 195, 488, 306]; rot:90
id:947; fname:ROI_0_Psic_504Ev2.pdf_pg-20.png; forig:Psic_504Ev2.pdf_pg-20.jpg; BB:[91, 190, 487, 392]; rot:90
id:948; fname:ROI_0_Psic_336Ev2-r.png; forig:Psic_336Ev2-r.png; BB:[1, 36, 424, 612]; rot:0
id:950; fname:ROI_0_Psic_331Ev1-r.png; forig:Psic_331Ev1-r.png; BB:[102, 17, 521, 324]; rot:90
id:951; fname:ROI_0_Psic_424Ev5.pdf_pg-32.png; forig:Psic_424Ev5.pdf_pg-32.jpg; BB:[167, 228, 445, 299]; rot:90
id:952; fname:ROI_0_Psic_138Ev1.pdf_pg-18.png; forig:Psic_138Ev1.pdf_pg-18.jpg; BB:[63, 238, 443, 303]; rot:90
id:953; fname:ROI_0_Psic_023Ev1.pdf_pg-20.png; forig:Psic_023Ev1.pdf_pg-20.jpg; BB:[88, 53, 502, 332]; rot:90
id:954; fname:ROI_0_Psic_434Ev2.pdf_pg-33.png; forig:Psic_434Ev2.pdf_pg-33.jpg; BB:[59, 221, 373, 320]; rot:90
id:955; fname:ROI_0_Psic_503Ev3.pdf_pg-25.png; forig:Psic_503Ev3.pdf_pg-25.jpg; BB:[60, 270, 312, 546]; rot:0
id:956; fname:ROI_0_Psic_132Ev2.pdf_pg-16.png; forig:Psic_132Ev2.pdf_pg-16.jpg; BB:[37, 235, 382, 256]; rot:90
id:957; fname:ROI_0_Psic_430Ev1.pdf_pg-1.png; forig:Psic_430Ev1.pdf_pg-1.jpg; BB:[0, 0, 841, 593]; rot:90
id:958; fname:ROI_0_Psic_504Ev1.pdf_pg-21.png; forig:Psic_504Ev1.pdf_pg-21.jpg; BB:[187, 227, 414, 280]; rot:90
id:959; fname:ROI_0_Psic_417Ev5.pdf_pg-25.png; forig:Psic_417Ev5.pdf_pg-25.jpg; BB:[101, 301, 393, 427]; rot:0
id:960; fname:ROI_0_Psic_325Ev1-r.png; forig:Psic_325Ev1-r.png; BB:[0, 0, 400, 562]; rot:180
id:961; fname:ROI_0_Psic_028Ev5.pdf_pg-33.png; forig:Psic_028Ev5.pdf_pg-33.jpg; BB:[58, 124, 286, 458]; rot:180
id:962; fname:ROI_0_Psic_438Ev2.pdf_pg-23.png; forig:Psic_438Ev2.pdf_pg-23.jpg; BB:[73, 183, 312, 431]; rot:0
id:963; fname:ROI_0_Psic_010Ev3.pdf_pg-21.png; forig:Psic_010Ev3.pdf_pg-21.jpg; BB:[76, 84, 489, 342]; rot:90
id:964; fname:ROI_0_Psic_002Ev4.pdf_pg-22.png; forig:Psic_002Ev4.pdf_pg-22.jpg; BB:[129, 301, 284, 389]; rot:180
id:965; fname:ROI_0_Psic_516Ev2.pdf_pg-22.png; forig:Psic_516Ev2.pdf_pg-22.jpg; BB:[124, 342, 420, 280]; rot:90
id:966; fname:ROI_0_Psic_042Ev5.pdf_pg-24.png; forig:Psic_042Ev5.pdf_pg-24.jpg; BB:[45, 280, 322, 429]; rot:0
id:967; fname:ROI_0_Psic_412Ev1.pdf_pg-11.png; forig:Psic_412Ev1.pdf_pg-11.jpg; BB:[73, 36, 504, 378]; rot:90
id:968; fname:ROI_0_Psic_143Ev2.pdf_pg-20.png; forig:Psic_143Ev2.pdf_pg-20.jpg; BB:[107, 180, 469, 385]; rot:90
id:969; fname:ROI_0_Psic_344Ev1-r.png; forig:Psic_344Ev1-r.png; BB:[14, 6, 823, 509]; rot:90
id:970; fname:ROI_0_Psic_524Ev3.pdf_pg-24.png; forig:Psic_524Ev3.pdf_pg-24.jpg; BB:[88, 71, 325, 461]; rot:0
id:971; fname:ROI_0_Psic_219Ev4.pdf_pg-24.png; forig:Psic_219Ev4.pdf_pg-24.jpg; BB:[153, 169, 185, 227]; rot:0
id:972; fname:ROI_0_Psic_327Ev3-r.png; forig:Psic_327Ev3-r.png; BB:[0, 22, 346, 370]; rot:90
id:973; fname:ROI_0_Psic_101Ev5.pdf_pg-26.png; forig:Psic_101Ev5.pdf_pg-26.jpg; BB:[127, 240, 210, 343]; rot:0
id:975; fname:ROI_0_Psic_440Ev2.pdf_pg-22.png; forig:Psic_440Ev2.pdf_pg-22.jpg; BB:[58, 279, 309, 471]; rot:0
id:976; fname:ROI_0_Psic_443Ev1.pdf_pg-22.png; forig:Psic_443Ev1.pdf_pg-22.jpg; BB:[114, 278, 283, 387]; rot:0
id:977; fname:ROI_0_Psic_033Ev2.pdf_pg-20.png; forig:Psic_033Ev2.pdf_pg-20.jpg; BB:[88, 338, 319, 274]; rot:90
id:978; fname:ROI_0_Psic_528Ev3.pdf_pg-24.png; forig:Psic_528Ev3.pdf_pg-24.jpg; BB:[51, 160, 334, 400]; rot:0
id:979; fname:ROI_0_Psic_237Ev1.pdf_pg-20.png; forig:Psic_237Ev1.pdf_pg-20.jpg; BB:[103, 100, 320, 378]; rot:0
id:980; fname:ROI_0_Psic_503Ev2.pdf_pg-24.png; forig:Psic_503Ev2.pdf_pg-24.jpg; BB:[133, 208, 598, 412]; rot:-90
id:981; fname:ROI_0_Psic_413Ev3.pdf_pg-21.png; forig:Psic_413Ev3.pdf_pg-21.jpg; BB:[158, 246, 330, 255]; rot:90
id:982; fname:ROI_0_Psic_026Ev1.pdf_pg-18.png; forig:Psic_026Ev1.pdf_pg-18.jpg; BB:[39, 121, 285, 433]; rot:0
id:983; fname:ROI_0_Psic_243Ev1.pdf_pg-26.png; forig:Psic_243Ev1.pdf_pg-26.jpg; BB:[113, 262, 303, 355]; rot:0
id:984; fname:ROI_0_Psic_228Ev5.pdf_pg-26.png; forig:Psic_228Ev5.pdf_pg-26.jpg; BB:[123, 235, 331, 298]; rot:90
id:985; fname:ROI_0_Psic_113Ev5.pdf_pg-26.png; forig:Psic_113Ev5.pdf_pg-26.jpg; BB:[112, 152, 194, 255]; rot:0
id:986; fname:ROI_0_Psic_305Ev2-r.png; forig:Psic_305Ev2-r.png; BB:[0, 0, 534, 352]; rot:90
id:987; fname:ROI_0_Psic_140Ev5.pdf_pg-30.png; forig:Psic_140Ev5.pdf_pg-30.jpg; BB:[57, 424, 235, 359]; rot:0
id:988; fname:ROI_0_Psic_244Ev4.pdf_pg-26.png; forig:Psic_244Ev4.pdf_pg-26.jpg; BB:[27, 66, 527, 499]; rot:0
id:989; fname:ROI_0_Psic_305Ev3-r.png; forig:Psic_305Ev3-r.png; BB:[5, 0, 519, 379]; rot:90
id:990; fname:ROI_0_Psic_103Ev4.pdf_pg-24.png; forig:Psic_103Ev4.pdf_pg-24.jpg; BB:[102, 202, 493, 467]; rot:-90
id:991; fname:ROI_0_Psic_322Ev5-r.png; forig:Psic_322Ev5-r.png; BB:[8, 34, 559, 454]; rot:-90
id:992; fname:ROI_0_Psic_307Ev2-R.png; forig:Psic_307Ev2-R.png; BB:[0, 0, 571, 374]; rot:90
id:993; fname:ROI_0_Psic_115Ev5.pdf_pg-27.png; forig:Psic_115Ev5.pdf_pg-27.jpg; BB:[32, 212, 264, 431]; rot:0
